0.300223,0,0,0,0
0.350222,0,0,0,0
0.400218,0,0,0,0
0.45033,0,0,0,0
0.500229,0,0,0,0
0.550221,0,0,0,0
0.600218,0,0,0,0
0.650223,0,0,0,0
0.700218,0,0,0,0
0.750223,0,0,0,0
0.800198,0,0,0,0
0.850268,0,0,0,0
0.900256,0,0,0,0
0.950217,0,0,0,0
1.00026,0,0,0,0
1.05024,0,0,0,0
1.10023,0,0,0,0
1.15021,0,0,0,0
1.20027,0,0,0,0
1.25022,0,0,0,0
1.30022,0,0,0,0
1.35023,0,0,0,0
1.40025,0,0,0,0
1.45022,0,0,0,0
1.50025,0,0,0,0
1.55023,0,0,0,0
1.60025,0,0,0,0
1.65023,0,0,0,0
1.70022,0,0,0,0
1.75021,0,0,0,0
1.80022,0,0,0,0
1.85023,0,0,0,0
1.90022,0,0,0,0
1.95022,0,0,0,0
2.00022,0,0,0,0
2.05022,0,0,0,0
2.10022,0,0,0,0
2.15022,0,0,0,0
2.20022,0,0,0,0
2.25022,0,0,0,0
2.30022,0,0,0,0
2.35022,0,0,0,0
2.40022,0,0,0,0
2.45024,0,0,0,0
2.50022,0,0,0,0
2.55022,0,0,0,0
2.60022,0,0,0,0
2.65021,0,0,0,0
2.70022,0,0,0,0
2.75022,0,0,0,0
2.80022,0,0,0,0
2.85026,0,0,0,0
2.90022,0,0,0,0
2.9502,0,0,0,0
3.00022,0,0,0,0
3.05022,0,0,0,0
3.10022,0,0,0,0
3.15022,0,0,0,0
3.20022,0,0,0,0
3.25022,0,0,0,0
3.30025,0,0,0,0
3.35022,0,0,0,0
3.40023,0,0,0,0
3.45026,0,0,0,0
3.50023,0,0,0,0
3.55023,0,0,0,0
3.60022,0,0,0,0
3.65022,0,0,0,0
3.70023,0,0,0,0
3.75022,0,0,0,0
3.80022,0,0,0,0
3.85022,0,0,0,0
3.90025,0,0,0,0
3.95025,0,0,0,0
4.00022,0,0,0,0
4.05022,0,0,0,0
4.10022,0,0,0,0
4.15025,0,0,0,0
4.20022,0,0,0,0
4.25023,0,0,0,0
4.30022,0,0,0,0
4.35026,0,0,0,0
4.40022,0,0,0,0
4.45023,0,0,0,0
4.50022,0,0,0,0
4.55021,0,0,0,0
4.60026,0,0,0,0
4.65022,0,0,0,0
4.70023,0,0,0,0
4.75024,0,0,0,0
4.80023,0,0,0,0
4.85022,0,0,0,0
4.90022,0,0,0,0
4.95023,0,0,0,0
5.00025,0,0,0,0
5.05023,0,0,0,0
5.10024,0,0,0,0
5.15022,0,0,0,0
5.20023,0,0,0,0
5.25023,0,0,0,0
5.30021,0,0,0,0
5.35023,0,0,0,0
5.40025,0,0,0,0
5.45305,0,0,0,0
5.50022,0,0,0,0
5.55022,0,0,0,0
5.60023,0,0,0,0
5.65027,0,0,0,0
5.70022,0,0,0,0
5.75022,0,0,0,0
5.80021,0,0,0,0
5.85022,0,0,0,0
5.90025,0,0,0,0
5.95021,0,0,0,0
6.00025,0,0,0,0
6.05022,0,0,0,0
6.10021,0,0,0,0
6.15022,0,0,0,0
6.20024,0,0,0,0
6.25024,0,0,0,0
6.30022,0,0,0,0
6.35025,0,0,0,0
6.40021,0,0,0,0
6.45023,0,0,0,0
6.50023,0,0,0,0
6.55022,0,0,0,0
6.60025,0,0,0,0
6.65025,0,0,0,0
6.70022,0,0,0,0
6.75022,0,0,0,0
6.80022,0,0,0,0
6.85024,0,0,0,0
6.90022,0,0,0,0
6.95022,0,0,0,0
7.00022,0,0,0,0
7.05024,0,0,0,0
7.10023,0,0,0,0
7.15023,0,0,0,0
7.20021,0,0,0,0
7.25025,0,0,0,0
7.30022,0,0,0,0
7.35022,0,0,0,0
7.40022,0,0,0,0
7.45023,0,0,0,0
7.50022,0,0,0,0
7.55022,0,0,0,0
7.60021,0,0,0,0
7.65025,0,0,0,0
7.70023,0,0,0,0
7.75022,0,0,0,0
7.80022,0,0,0,0
7.85025,0,0,0,0
7.90023,0,0,0,0
7.95022,0,0,0,0
8.00022,0,0,0,0
8.05022,0,0,0,0
8.10022,0,0,0,0
8.15025,0,0,0,0
8.20022,0,0,0,0
8.25022,0,0,0,0
8.30031,0,0,0,0
8.35022,0,0,0,0
8.40022,0,0,0,0
8.45022,0,0,0,0
8.50022,0,0,0,0
8.55022,0,0,0,0
8.60024,0,0,0,0
8.65022,0,0,0,0
8.70023,0,0,0,0
8.75023,0,0,0,0
8.80022,0,0,0,0
8.8503,0,0,0,0
8.90022,0,0,0,0
8.95022,0,0,0,0
9.00023,0,0,0,0
9.05022,0,0,0,0
9.10022,0,0,0,0
9.15026,0,0,0,0
9.20022,0,0,0,0
9.25022,0,0,0,0
9.30023,0,0,0,0
9.35025,0,0,0,0
9.40022,0,0,0,0
9.45022,0,0,0,0
9.50021,0,0,0,0
9.55022,0,0,0,0
9.60024,0,0,0,0
9.65022,0,0,0,0
9.70021,0,0,0,0
9.75022,0,0,0,0
9.80026,0,0,0,0
9.85022,0,0,0,0
9.90021,0,0,0,0
9.95022,0,0,0,0
10.0004,0,0,0,0
10.0502,0,0,0,0
10.1002,0,0,0,0
10.1502,0,0,0,0
10.2002,0,0,0,0
10.2502,0,0,0,0
10.3002,0,0,0,0
10.3502,0,0,0,0
10.4002,0,0,0,0
10.4502,0,0,0,0
10.5002,0,0,0,0
10.5502,0,0,0,0
10.6002,0,0,0,0
10.6502,0,0,0,0
10.7002,0,0,0,0
10.7502,0,0,0,0
10.8002,0,0,0,0
10.8502,0,0,0,0
10.9002,0,0,0,0
10.9502,0,0,0,0
11.0003,0,0,0,0
11.0502,0,0,0,0
11.1002,0,0,0,0
11.1502,0,0,0,0
11.2002,0,0,0,0
11.2502,0,0,0,0
11.3002,0,0,0,0
11.3502,0,0,0,0
11.4002,0,0,0,0
11.4502,0,0,0,0
11.5002,0,0,0,0
11.5502,0,0,0,0
11.6003,0,0,0,0
11.6502,0,0,0,0
11.7002,0,0,0,0
11.7502,0,0,0,0
11.8002,0,0,0,0
11.8515,0,0,0,0
11.9002,0,0,0,0
11.9502,0,0,0,0
12.0002,0,0,0,0
12.0502,0,0,0,0
12.1002,0,0,0,0
12.1502,0,0,0,0
12.2002,0,0,0,0
12.2502,0,0,0,0
12.3002,0,0,0,0
12.3502,0,0,0,0
12.4002,0,0,0,0
12.4502,0,0,0,0
12.5002,0,0,0,0
12.5502,0,0,0,0
12.6003,0,0,0,0
12.6502,0,0,0,0
12.7002,0,0,0,0
12.7502,0,0,0,0
12.8002,0,0,0,0
12.8502,0,0,0,0
12.9002,0,0,0,0
12.9502,0,0,0,0
13.0002,0,0,0,0
13.0502,0,0,0,0
13.1003,0,0,0,0
13.1502,0,0,0,0
13.2002,0,0,0,0
13.2503,0,0,0,0
13.3002,0,0,0,0
13.3502,0,0,0,0
13.4002,0,0,0,0
13.4502,0,0,0,0
13.5002,0,0,0,0
13.5502,0,0,0,0
13.6002,0,0,0,0
13.6502,0,0,0,0
13.7002,0,0,0,0
13.7502,0,0,0,0
13.8002,0,0,0,0
13.8502,0,0,0,0
13.9002,0,0,0,0
13.9502,0,0,0,0
14.0002,0,0,0,0
14.0502,0,0,0,0
14.1002,0,0,0,0
14.1502,0,0,0,0
14.2002,0,0,0,0
14.2502,0,0,0,0
14.3002,0,0,0,0
14.3502,0,0,0,0
14.4002,0,0,0,0
14.4502,0,0,0,0
14.5002,0,0,0,0
14.5502,0,0,0,0
14.6002,0,0,0,0
14.6502,0,0,0,0
14.7002,0,0,0,0
14.7502,0,0,0,0
14.8003,0,0,0,0
14.8531,0,0,0,0
14.9006,0,0,0,0
14.9502,0,0,0,0
15.0003,0,0,0,0
15.0502,0,0,0,0
15.1002,0,0,0,0
15.1502,0,0,0,0
15.2002,0,0,0,0
15.2502,0,0,0,0
15.3002,0,0,0,0
15.3502,0,0,0,0
15.4002,0,0,0,0
15.4502,0,0,0,0
15.5002,0,0,0,0
15.553,0,0,0,0
15.6002,0,0,0,0
15.6502,0,0,0,0
15.7002,0,0,0,0
15.7502,0,0,0,0
15.8002,0,0,0,0
15.8502,0,0,0,0
15.9002,0,0,0,0
15.9502,0,0,0,0
16.0002,0,0,0,0
16.0503,0,0,0,0
16.1002,0,0,0,0
16.153,0,0,0,0
16.2003,0,0,0,0
16.2502,0,0,0,0
16.3002,0,0,0,0
16.3502,0,0,0,0
16.4002,0,0,0,0
16.4502,0,0,0,0
16.5002,0,0,0,0
16.5502,0,0,0,0
16.6002,0,0,0,0
16.6502,0,0,0,0
16.7002,0,0,0,0
16.7503,0,0,0,0
16.8002,0,0,0,0
16.8502,0,0,0,0
16.9002,0,0,0,0
16.9502,0,0,0,0
17.0002,0,0,0,0
17.0502,0,0,0,0
17.1002,0,0,0,0
17.1502,0,0,0,0
17.201,0,0,0,0
17.2502,0,0,0,0
17.3002,0,0,0,0
17.3502,0,0,0,0
17.4002,0,0,0,0
17.4502,0,0,0,0
17.5002,0,0,0,0
17.5502,0,0,0,0
17.6002,0,0,0,0
17.6502,0,0,0,0
17.7002,0,0,0,0
17.7502,0,0,0,0
17.8002,0,0,0,0
17.8502,0,0,0,0
17.9002,0,0,0,0
17.9502,0,0,0,0
18.0002,0,0,0,0
18.0503,0,0,0,0
18.1002,0,0,0,0
18.1502,0,0,0,0
18.2002,0,0,0,0
18.2502,0,0,0,0
18.3003,0,0,0,0
18.3502,0,0,0,0
18.4002,0,0,0,0
18.4502,0,0,0,0
18.5002,0,0,0,0
18.5502,0,0,0,0
18.6002,0,0,0,0
18.6502,0,0,0,0
18.7002,0,0,0,0
18.7502,0,0,0,0
18.8002,0,0,0,0
18.8502,0,0,0,0
18.9002,0,0,0,0
18.9502,0,0,0,0
19.0002,0,0,0,0
19.0502,0,0,0,0
19.1002,0,0,0,0
19.1502,0,0,0,0
19.2002,0,0,0,0
19.2502,0,0,0,0
19.3002,0,0,0,0
19.3502,0,0,0,0
19.4009,0,0,0,0
19.4502,0,0,0,0
19.5002,0,0,0,0
19.5502,0,0,0,0
19.6002,0,0,0,0
19.6502,0,0,0,0
19.7002,0,0,0,0
19.7502,0,0,0,0
19.8002,0,0,0,0
19.8502,0,0,0,0
19.9002,0,0,0,0
19.9502,0,0,0,0
20.0002,0,0,0,0
20.0502,0,0,0,0
20.1002,0,0,0,0
20.1502,0,0,0,0
20.2002,0,0,0,0
20.2502,0,0,0,0
20.3002,0,0,0,0
20.3502,0,0,0,0
20.4002,0,0,0,0
20.4502,0,0,0,0
20.5002,0,0,0,0
20.5502,0,0,0,0
20.6002,0,0,0,0
20.6502,0,0,0,0
20.7002,0,0,0,0
20.7502,0,0,0,0
20.8002,0,0,0,0
20.8502,0,0,0,0
20.9002,0,0,0,0
20.9502,0,0,0,0
21.0002,0,0,0,0
21.0502,0,0,0,0
21.1002,0,0,0,0
21.1502,0,0,0,0
21.2002,0,0,0,0
21.2504,0,0,0,0
21.3002,0,0,0,0
21.3502,0,0,0,0
21.4002,0,0,0,0
21.4502,0,0,0,0
21.5002,0,0,0,0
21.5502,0,0,0,0
21.6002,0,0,0,0
21.6502,0,0,0,0
21.7002,0,0,0,0
21.7503,0,0,0,0
21.8002,0,0,0,0
21.8502,0,0,0,0
21.9002,0,0,0,0
21.9502,0,0,0,0
22.0002,0,0,0,0
22.0502,0,0,0,0
22.1002,0,0,0,0
22.1502,0,0,0,0
22.2002,0,0,0,0
22.2502,0,0,0,0
22.3002,0,0,0,0
22.3502,0,0,0,0
22.4002,0,0,0,0
22.4502,0,0,0,0
22.5002,0,0,0,0
22.5502,0,0,0,0
22.6002,0,0,0,0
22.6502,0,0,0,0
22.7003,0,0,0,0
22.7502,0,0,0,0
22.8002,0,0,0,0
22.8502,0,0,0,0
22.9002,0,0,0,0
22.9502,0,0,0,0
23.0002,0,0,0,0
23.0502,0,0,0,0
23.1002,0,0,0,0
23.1502,0,0,0,0
23.2002,0,0,0,0
23.2502,0,0,0,0
23.3002,0,0,0,0
23.3502,0,0,0,0
23.4002,0,0,0,0
23.4502,0,0,0,0
23.5002,0,0,0,0
23.5502,0,0,0,0
23.6002,0,0,0,0
23.6502,0,0,0,0
23.7002,0,0,0,0
23.7502,0,0,0,0
23.8003,0,0,0,0
23.8502,0,0,0,0
23.9002,0,0,0,0
23.9502,0,0,0,0
24.0002,0,0,0,0
24.0502,0,0,0,0
24.1002,0,0,0,0
24.1502,0,0,0,0
24.2003,0,0,0,0
24.2502,0,0,0,0
24.3002,0,0,0,0
24.3502,0,0,0,0
24.4002,0,0,0,0
24.4502,0,0,0,0
24.5002,0,0,0,0
24.5502,0,0,0,0
24.6002,0,0,0,0
24.6502,0,0,0,0
24.7002,0,0,0,0
24.7502,0,0,0,0
24.8002,0,0,0,0
24.8502,0,0,0,0
24.9002,0,0,0,0
24.9502,0,0,0,0
25.0002,0,0,0,0
25.0502,0,0,0,0
25.1002,0,0,0,0
25.1502,0,0,0,0
25.2002,0,0,0,0
25.2502,0,0,0,0
25.3002,0,0,0,0
25.3502,0,0,0,0
25.4002,0,0,0,0
25.4502,0,0,0,0
25.5002,0,0,0,0
25.5502,0,0,0,0
25.6003,0,0,0,0
25.6502,0,0,0,0
25.7002,0,0,0,0
25.7502,0,0,0,0
25.8002,0,0,0,0
25.8502,0,0,0,0
25.9002,0,0,0,0
25.9502,0,0,0,0
26.0002,0,0,0,0
26.0502,0,0,0,0
26.1002,0,0,0,0
26.1502,0,0,0,0
26.2002,0,0,0,0
26.2502,0,0,0,0
26.3002,0,0,0,0
26.3502,0,0,0,0
26.4002,0,0,0,0
26.4502,0,0,0,0
26.5002,0,0,0,0
26.5502,0,0,0,0
26.6002,0,0,0,0
26.6502,0,0,0,0
26.7002,0,0,0,0
26.7503,0,0,0,0
26.8002,0,0,0,0
26.8502,0,0,0,0
26.9002,0,0,0,0
26.9502,0,0,0,0
27.0002,0,0,0,0
27.0502,0,0,0,0
27.1002,0,0,0,0
27.1509,0,0,0,0
27.2014,0,0,0,0
27.2502,0,0,0,0
27.3002,0,0,0,0
27.3502,0,0,0,0
27.4002,0,0,0,0
27.4502,0,0,0,0
27.5002,0,0,0,0
27.5502,0,0,0,0
27.6002,0,0,0,0
27.6502,0,0,0,0
27.7002,0,0,0,0
27.7502,0,0,0,0
27.8002,0,0,0,0
27.8502,0,0,0,0
27.9002,0,0,0,0
27.9502,0,0,0,0
28.0002,0,0,0,0
28.0502,0,0,0,0
28.1002,0,0,0,0
28.153,0,0,0,0
28.2002,0,0,0,0
28.2502,0,0,0,0
28.3002,0,0,0,0
28.3502,0,0,0,0
28.4002,0,0,0,0
28.4502,0,0,0,0
28.5002,0,0,0,0
28.5502,0,0,0,0
28.6002,0,0,0,0
28.6502,0,0,0,0
28.7002,0,0,0,0
28.7502,0,0,0,0
28.8002,0,0,0,0
28.8502,0,0,0,0
28.9002,0,0,0,0
28.9502,0,0,0,0
29.0002,0,0,0,0
29.0502,0,0,0,0
29.1002,0,0,0,0
29.1502,0,0,0,0
29.2003,0,0,0,0
29.2502,0,0,0,0
29.3002,0,0,0,0
29.3502,0,0,0,0
29.4002,0,0,0,0
29.4502,0,0,0,0
29.5002,0,0,0,0
29.5502,0,0,0,0
29.6002,0,0,0,0
29.6502,0,0,0,0
29.7002,0,0,0,0
29.7525,0,0,0,0
29.8002,0,0,0,0
29.8502,0,0,0,0
29.9002,0,0,0,0
29.9502,0,0,0,0
30.0002,0,0,0,0
30.0502,0,0,0,0
30.1002,0,0,0,0
30.1502,0,0,0,0
30.2002,0,0,0,0
30.2502,0,0,0,0
30.3002,0,0,0,0
30.3502,0,0,0,0
30.4002,0,0,0,0
30.4502,0,0,0,0
30.5002,0,0,0,0
30.5502,0,0,0,0
30.6002,0,0,0,0
30.6502,0,0,0,0
30.7002,0,0,0,0
30.7502,0,0,0,0
30.8002,0,0,0,0
30.8502,0,0,0,0
30.9002,0,0,0,0
30.9502,0,0,0,0
31.0003,0,0,0,0
31.0504,0,0,0,0
31.1002,0,0,0,0
31.1502,0,0,0,0
31.2003,0,0,0,0
31.2502,0,0,0,0
31.3002,0,0,0,0
31.3502,0,0,0,0
31.4002,0,0,0,0
31.4502,0,0,0,0
31.5002,0,0,0,0
31.5502,0,0,0,0
31.6003,0,0,0,0
31.6504,0,0,0,0
31.7002,0,0,0,0
31.7502,0,0,0,0
31.8002,0,0,0,0
31.8502,0,0,0,0
31.9002,0,0,0,0
31.9503,0,0,0,0
32.0002,0,0,0,0
32.0502,0,0,0,0
32.1002,0,0,0,0
32.1502,0,0,0,0
32.2002,0,0,0,0
32.2502,0,0,0,0
32.3002,0,0,0,0
32.3502,0,0,0,0
32.4002,0,0,0,0
32.4502,0,0,0,0
32.5002,0,0,0,0
32.5502,0,0,0,0
32.6002,0,0,0,0
32.6502,0,0,0,0
32.7002,0,0,0,0
32.7502,0,0,0,0
32.8003,0,0,0,0
32.8502,0,0,0,0
32.9002,0,0,0,0
32.9502,0,0,0,0
33.0002,0,0,0,0
33.0502,0,0,0,0
33.1002,0,0,0,0
33.1502,0,0,0,0
33.2002,0,0,0,0
33.2502,0,0,0,0
33.3002,0,0,0,0
33.3502,0,0,0,0
33.4002,0,0,0,0
33.4502,0,0,0,0
33.5002,0,0,0,0
33.5502,0,0,0,0
33.6002,0,0,0,0
33.6502,0,0,0,0
33.7002,0,0,0,0
33.7502,0,0,0,0
33.8002,0,0,0,0
33.8502,0,0,0,0
33.9002,0,0,0,0
33.9507,0,0,0,0
34.0002,0,0,0,0
34.0502,0,0,0,0
34.1002,0,0,0,0
34.1502,0,0,0,0
34.2002,0,0,0,0
34.2502,0,0,0,0
34.3002,0,0,0,0
34.3502,0,0,0,0
34.4002,0,0,0,0
34.4502,0,0,0,0
34.5002,0,0,0,0
34.5502,0,0,0,0
34.6002,0,0,0,0
34.6502,0,0,0,0
34.7002,0,0,0,0
34.7503,0,0,0,0
34.8002,0,0,0,0
34.8502,0,0,0,0
34.9002,0,0,0,0
34.9502,0,0,0,0
35.0002,0,0,0,0
35.051,0,0,0,0
35.1002,0,0,0,0
35.1502,0,0,0,0
35.2002,0,0,0,0
35.2502,0,0,0,0
35.3002,0,0,0,0
35.3502,0,0,0,0
35.4002,0,0,0,0
35.4502,0,0,0,0
35.5002,0,0,0,0
35.5502,0,0,0,0
35.6002,0,0,0,0
35.653,0,0,0,0
35.7002,0,0,0,0
35.7503,0,0,0,0
35.8002,0,0,0,0
35.8502,0,0,0,0
35.9002,0,0,0,0
35.9502,0,0,0,0
36.0002,0,0,0,0
36.0502,0,0,0,0
36.1003,0,0,0,0
36.1502,0,0,0,0
36.2002,0,0,0,0
36.2502,0,0,0,0
36.3002,0,0,0,0
36.3502,0,0,0,0
36.4002,0,0,0,0
36.4502,0,0,0,0
36.5002,0,0,0,0
36.5502,0,0,0,0
36.6002,0,0,0,0
36.6503,0,0,0,0
36.7002,0,0,0,0
36.7502,0,0,0,0
36.8002,0,0,0,0
36.8503,0,0,0,0
36.9002,0,0,0,0
36.9502,0,0,0,0
37.0002,0,0,0,0
37.0502,0,0,0,0
37.1002,0,0,0,0
37.1502,0,0,0,0
37.2002,0,0,0,0
37.2502,0,0,0,0
37.3002,0,0,0,0
37.3503,0,0,0,0
37.4002,0,0,0,0
37.4502,0,0,0,0
37.5002,0,0,0,0
37.5502,0,0,0,0
37.6002,0,0,0,0
37.6502,0,0,0,0
37.7002,0,0,0,0
37.7502,0,0,0,0
37.8002,0,0,0,0
37.8502,0,0,0,0
37.9002,0,0,0,0
37.9502,0,0,0,0
38.0002,0,0,0,0
38.0502,0,0,0,0
38.1002,0,0,0,0
38.1502,0,0,0,0
38.2002,0,0,0,0
38.2502,0,0,0,0
38.3003,0,0,0,0
38.3502,0,0,0,0
38.4002,0,0,0,0
38.4502,0,0,0,0
38.5002,0,0,0,0
38.5502,0,0,0,0
38.6002,0,0,0,0
38.6503,0,0,0,0
38.7002,0,0,0,0
38.7502,0,0,0,0
38.8002,0,0,0,0
38.8502,0,0,0,0
38.9002,0,0,0,0
38.9502,0,0,0,0
39.0002,0,0,0,0
39.0502,0,0,0,0
39.1002,0,0,0,0
39.1504,0,0,0,0
39.2003,0,0,0,0
39.2502,0,0,0,0
39.3003,0,0,0,0
39.3503,0,0,0,0
39.4003,0,0,0,0
39.4502,0,0,0,0
39.5002,0,0,0,0
39.5502,0,0,0,0
39.6002,0,0,0,0
39.6502,0,0,0,0
39.7002,0,0,0,0
39.7503,0,0,0,0
39.8002,0,0,0,0
39.8502,0,0,0,0
39.9002,0,0,0,0
39.9503,0,0,0,0
40.0002,0,0,0,0
40.0502,0,0,0,0
40.1002,0,0,0,0
40.1502,0,0,0,0
40.2002,0,0,0,0
40.2502,0,0,0,0
40.3002,0,0,0,0
40.3502,0,0,0,0
40.4002,0,0,0,0
40.4502,0,0,0,0
40.5002,0,0,0,0
40.5502,0,0,0,0
40.6002,0,0,0,0
40.6502,0,0,0,0
40.7002,0,0,0,0
40.7502,0,0,0,0
40.8002,0,0,0,0
40.8502,0,0,0,0
40.9002,0,0,0,0
40.9502,0,0,0,0
41.0002,0,0,0,0
41.0502,0,0,0,0
41.1002,0,0,0,0
41.1502,0,0,0,0
41.2002,0,0,0,0
41.2502,0,0,0,0
41.3002,0,0,0,0
41.3502,0,0,0,0
41.4002,0,0,0,0
41.4502,0,0,0,0
41.5002,0,0,0,0
41.5502,0,0,0,0
41.6002,0,0,0,0
41.6502,0,0,0,0
41.7002,0,0,0,0
41.7502,0,0,0,0
41.8002,0,0,0,0
41.8502,0,0,0,0
41.9002,0,0,0,0
41.9502,0,0,0,0
42.0002,0,0,0,0
42.0502,0,0,0,0
42.1002,0,0,0,0
42.1502,0,0,0,0
42.2003,0,0,0,0
42.253,0,0,0,0
42.3002,0,0,0,0
42.3502,0,0,0,0
42.4002,0,0,0,0
42.4502,0,0,0,0
42.5002,0,0,0,0
42.5502,0,0,0,0
42.6002,0,0,0,0
42.6502,0,0,0,0
42.7002,0,0,0,0
42.7502,0,0,0,0
42.8002,0,0,0,0
42.8502,0,0,0,0
42.9002,0,0,0,0
42.9502,0,0,0,0
43.0002,0,0,0,0
43.0502,0,0,0,0
43.1002,0,0,0,0
43.1502,0,0,0,0
43.2003,0,0,0,0
43.2503,0,0,0,0
43.3002,0,0,0,0
43.3502,0,0,0,0
43.4002,0,0,0,0
43.4502,0,0,0,0
43.5003,0,0,0,0
43.5502,0,0,0,0
43.6002,0,0,0,0
43.6502,0,0,0,0
43.7002,0,0,0,0
43.7502,0,0,0,0
43.8002,0,0,0,0
43.8502,0,0,0,0
43.9002,0,0,0,0
43.9502,0,0,0,0
44.0002,0,0,0,0
44.0502,0,0,0,0
44.1002,0,0,0,0
44.1502,0,0,0,0
44.2002,0,0,0,0
44.2503,0,0,0,0
44.3002,0,0,0,0
44.3502,0,0,0,0
44.4002,0,0,0,0
44.4502,0,0,0,0
44.5002,0,0,0,0
44.5502,0,0,0,0
44.6002,0,0,0,0
44.6502,0,0,0,0
44.7002,0,0,0,0
44.7502,0,0,0,0
44.8002,0,0,0,0
44.8502,0,0,0,0
44.9002,0,0,0,0
44.9502,0,0,0,0
45.0002,0,0,0,0
45.0502,0,0,0,0
45.1002,0,0,0,0
45.1502,0,0,0,0
45.2003,0,0,0,0
45.2502,0,0,0,0
45.3002,0,0,0,0
45.3502,0,0,0,0
45.4002,0,0,0,0
45.4502,0,0,0,0
45.5002,0,0,0,0
45.5503,0,0,0,0
45.6002,0,0,0,0
45.6502,0,0,0,0
45.7002,0,0,0,0
45.7502,0,0,0,0
45.8002,0,0,0,0
45.8519,0,0,0,0
45.9002,0,0,0,0
45.9502,0,0,0,0
46.0002,0,0,0,0
46.0502,0,0,0,0
46.1002,0,0,0,0
46.1502,0,0,0,0
46.2002,0,0,0,0
46.2502,0,0,0,0
46.3002,0,0,0,0
46.3502,0,0,0,0
46.4002,0,0,0,0
46.4502,0,0,0,0
46.5002,0,0,0,0
46.5502,0,0,0,0
46.6002,0,0,0,0
46.6502,0,0,0,0
46.7002,0,0,0,0
46.7502,0,0,0,0
46.8002,0,0,0,0
46.8502,0,0,0,0
46.9002,0,0,0,0
46.9502,0,0,0,0
47.0003,0,0,0,0
47.0502,0,0,0,0
47.1002,0,0,0,0
47.1502,0,0,0,0
47.2002,0,0,0,0
47.2502,0,0,0,0
47.3003,0,0,0,0
47.3502,0,0,0,0
47.4002,0,0,0,0
47.4504,0,0,0,0
47.5002,0,0,0,0
47.5504,0,0,0,0
47.6002,0,0,0,0
47.6502,0,0,0,0
47.7002,0,0,0,0
47.7502,0,0,0,0
47.8002,0,0,0,0
47.8503,0,0,0,0
47.9002,0,0,0,0
47.9502,0,0,0,0
48.0002,0,0,0,0
48.0502,0,0,0,0
48.1002,0,0,0,0
48.1503,0,0,0,0
48.2002,0,0,0,0
48.2502,0,0,0,0
48.3002,0,0,0,0
48.3502,0,0,0,0
48.4002,0,0,0,0
48.4502,0,0,0,0
48.5002,0,0,0,0
48.5502,0,0,0,0
48.6003,0,0,0,0
48.6502,0,0,0,0
48.7003,0,0,0,0
48.7502,0,0,0,0
48.8002,0,0,0,0
48.8502,0,0,0,0
48.9002,0,0,0,0
48.9502,0,0,0,0
49.0002,0,0,0,0
49.0502,0,0,0,0
49.1002,0,0,0,0
49.1502,0,0,0,0
49.2002,0,0,0,0
49.2502,0,0,0,0
49.3002,0,0,0,0
49.3502,0,0,0,0
49.4002,0,0,0,0
49.4503,0,0,0,0
49.5002,0,0,0,0
49.5502,0,0,0,0
49.6002,0,0,0,0
49.6502,0,0,0,0
49.7002,0,0,0,0
49.7502,0,0,0,0
49.8003,0,0,0,0
49.8516,0,0,0,0
49.9002,0,0,0,0
49.9502,0,0,0,0
50.0002,0,0,0,0
50.0502,0,0,0,0
50.1002,0,0,0,0
50.1504,0,0,0,0
50.2002,0,0,0,0
50.2502,0,0,0,0
50.3004,0,0,0,0
50.3502,0,0,0,0
50.4003,0,0,0,0
50.4502,0,0,0,0
50.5002,0,0,0,0
50.5502,0,0,0,0
50.6002,0,0,0,0
50.6522,0,0,0,0
50.7002,0,0,0,0
50.7502,0,0,0,0
50.8002,0,0,0,0
50.8502,0,0,0,0
50.9002,0,0,0,0
50.9502,0,0,0,0
51.0002,0,0,0,0
51.0502,0,0,0,0
51.1002,0,0,0,0
51.1502,0,0,0,0
51.2002,0,0,0,0
51.2502,0,0,0,0
51.3002,0,0,0,0
51.3502,0,0,0,0
51.4002,0,0,0,0
51.4502,0,0,0,0
51.5002,0,0,0,0
51.5502,0,0,0,0
51.6002,0,0,0,0
51.6502,0,0,0,0
51.7002,0,0,0,0
51.7502,0,0,0,0
51.8002,0,0,0,0
51.8502,0,0,0,0
51.9002,0,0,0,0
51.9502,0,0,0,0
52.0002,0,0,0,0
52.0503,0,0,0,0
52.1002,0,0,0,0
52.1502,0,0,0,0
52.2002,0,0,0,0
52.2502,0,0,0,0
52.3002,0,0,0,0
52.3502,0,0,0,0
52.4002,0,0,0,0
52.4502,0,0,0,0
52.5002,0,0,0,0
52.5502,0,0,0,0
52.6002,0,0,0,0
52.6502,0,0,0,0
52.7002,0,0,0,0
52.7502,0,0,0,0
52.8002,0,0,0,0
52.8502,0,0,0,0
52.9002,0,0,0,0
52.9502,0,0,0,0
53.0002,0,0,0,0
53.0502,0,0,0,0
53.1002,0,0,0,0
53.1502,0,0,0,0
53.2002,0,0,0,0
53.2503,0,0,0,0
53.3002,0,0,0,0
53.3502,0,0,0,0
53.4002,0,0,0,0
53.4502,0,0,0,0
53.5002,0,0,0,0
53.5502,0,0,0,0
53.6002,0,0,0,0
53.6502,0,0,0,0
53.7002,0,0,0,0
53.7502,0,0,0,0
53.8002,0,0,0,0
53.8502,0,0,0,0
53.9002,0,0,0,0
53.9502,0,0,0,0
54.0002,0,0,0,0
54.0502,0,0,0,0
54.1002,0,0,0,0
54.1502,0,0,0,0
54.2002,0,0,0,0
54.2502,0,0,0,0
54.3002,0,0,0,0
54.3502,0,0,0,0
54.4002,0,0,0,0
54.4502,0,0,0,0
54.5002,0,0,0,0
54.5502,0,0,0,0
54.6002,0,0,0,0
54.653,0,0,0,0
54.701,0,0,0,0
54.7502,0,0,0,0
54.8003,0,0,0,0
54.8502,0,0,0,0
54.9002,0,0,0,0
54.9502,0,0,0,0
55.0002,0,0,0,0
55.0502,0,0,0,0
55.1002,0,0,0,0
55.1502,0,0,0,0
55.2002,0,0,0,0
55.2502,0,0,0,0
55.3002,0,0,0,0
55.3502,0,0,0,0
55.4002,0,0,0,0
55.4502,0,0,0,0
55.5002,0,0,0,0
55.5502,0,0,0,0
55.6002,0,0,0,0
55.6502,0,0,0,0
55.7002,0,0,0,0
55.7502,0,0,0,0
55.8002,0,0,0,0
55.8502,0,0,0,0
55.9004,0,0,0,0
55.9502,0,0,0,0
56.0002,0,0,0,0
56.0502,0,0,0,0
56.1024,0,0,0,0
56.1502,0,0,0,0
56.2003,0,0,0,0
56.2502,0,0,0,0
56.3002,0,0,0,0
56.3502,0,0,0,0
56.4002,0,0,0,0
56.4502,0,0,0,0
56.5002,0,0,0,0
56.5502,0,0,0,0
56.6002,0,0,0,0
56.6502,0,0,0,0
56.7002,0,0,0,0
56.7503,0,0,0,0
56.8002,0,0,0,0
56.8502,0,0,0,0
56.9002,0,0,0,0
56.9502,0,0,0,0
57.0002,0,0,0,0
57.0502,0,0,0,0
57.1003,0,0,0,0
57.1502,0,0,0,0
57.2002,0,0,0,0
57.2502,0,0,0,0
57.3002,0,0,0,0
57.3502,0,0,0,0
57.4002,0,0,0,0
57.4502,0,0,0,0
57.5003,0,0,0,0
57.5502,0,0,0,0
57.6002,0,0,0,0
57.6502,0,0,0,0
57.7004,0,0,0,0
57.7502,0,0,0,0
57.8002,0,0,0,0
57.8502,0,0,0,0
57.9002,0,0,0,0
57.9502,0,0,0,0
58.0003,0,0,0,0
58.0502,0,0,0,0
58.1002,0,0,0,0
58.1502,0,0,0,0
58.2002,0,0,0,0
58.2502,0,0,0,0
58.3003,0,0,0,0
58.3502,0,0,0,0
58.4002,0,0,0,0
58.4502,0,0,0,0
58.5002,0,0,0,0
58.5502,0,0,0,0
58.6002,0,0,0,0
58.6502,0,0,0,0
58.7002,0,0,0,0
58.7502,0,0,0,0
58.8002,0,0,0,0
58.8502,0,0,0,0
58.9027,0,0,0,0
58.9502,0,0,0,0
59.0002,0,0,0,0
59.0502,0,0,0,0
59.1002,0,0,0,0
59.1502,0,0,0,0
59.2002,0,0,0,0
59.2502,0,0,0,0
59.3002,0,0,0,0
59.3502,0,0,0,0
59.4002,0,0,0,0
59.4502,0,0,0,0
59.5002,0,0,0,0
59.5502,0,0,0,0
59.6002,0,0,0,0
59.6519,0,0,0,0
59.7002,0,0,0,0
59.7502,0,0,0,0
59.8002,0,0,0,0
59.8502,0,0,0,0
59.9002,0,0,0,0
59.9502,0,0,0,0
60.0002,0,0,0,0
60.0502,0,0,0,0
60.1002,0,0,0,0
60.1502,0,0,0,0
60.201,0,0,0,0
60.2502,0,0,0,0
60.3002,0,0,0,0
60.3502,0,0,0,0
60.4002,0,0,0,0
60.4502,0,0,0,0
60.5002,0,0,0,0
60.5502,0,0,0,0
60.6002,0,0,0,0
60.6503,0,0,0,0
60.7002,0,0,0,0
60.7502,0,0,0,0
60.8002,0,0,0,0
60.8503,0,0,0,0
60.9002,0,0,0,0
60.9502,0,0,0,0
61.0003,0,0,0,0
61.0517,0,0,0,0
61.1002,0,0,0,0
61.1502,0,0,0,0
61.2002,0,0,0,0
61.2502,0,0,0,0
61.3002,0,0,0,0
61.3502,0,0,0,0
61.4002,0,0,0,0
61.4502,0,0,0,0
61.5002,0,0,0,0
61.5502,0,0,0,0
61.6002,0,0,0,0
61.6502,0,0,0,0
61.7002,0,0,0,0
61.7502,0,0,0,0
61.8002,0,0,0,0
61.8502,0,0,0,0
61.9002,0,0,0,0
61.9502,0,0,0,0
62.0002,0,0,0,0
62.0526,0,0,0,0
62.1002,0,0,0,0
62.153,0,0,0,0
62.2002,0,0,0,0
62.2502,0,0,0,0
62.3002,0,0,0,0
62.3502,0,0,0,0
62.4002,0,0,0,0
62.4502,0,0,0,0
62.5002,0,0,0,0
62.5502,0,0,0,0
62.6002,0,0,0,0
62.6503,0,0,0,0
62.7002,0,0,0,0
62.7503,0,0,0,0
62.8002,0,0,0,0
62.8502,0,0,0,0
62.9002,0,0,0,0
62.9502,0,0,0,0
63.0002,0,0,0,0
63.0502,0,0,0,0
63.1002,0,0,0,0
63.1502,0,0,0,0
63.2002,0,0,0,0
63.2502,0,0,0,0
63.3002,0,0,0,0
63.3502,0,0,0,0
63.4002,0,0,0,0
63.4502,0,0,0,0
63.5002,0,0,0,0
63.5502,0,0,0,0
63.6002,0,0,0,0
63.6502,0,0,0,0
63.7002,0,0,0,0
63.7502,0,0,0,0
63.8002,0,0,0,0
63.8502,0,0,0,0
63.9002,0,0,0,0
63.9502,0,0,0,0
64.0002,0,0,0,0
64.0502,0,0,0,0
64.1002,0,0,0,0
64.1502,0,0,0,0
64.2003,0,0,0,0
64.2502,0,0,0,0
64.3002,0,0,0,0
64.3502,0,0,0,0
64.4005,0,0,0,0
64.4502,0,0,0,0
64.5002,0,0,0,0
64.5502,0,0,0,0
64.6002,0,0,0,0
64.6502,0,0,0,0
64.701,0,0,0,0
64.7503,0,0,0,0
64.8002,0,0,0,0
64.8502,0,0,0,0
64.9002,0,0,0,0
64.9502,0,0,0,0
65.0002,0,0,0,0
65.0502,0,0,0,0
65.1002,0,0,0,0
65.1502,0,0,0,0
65.2002,0,0,0,0
65.2502,0,0,0,0
65.3002,0,0,0,0
65.3502,0,0,0,0
65.4002,0,0,0,0
65.4502,0,0,0,0
65.5002,0,0,0,0
65.5502,0,0,0,0
65.6002,0,0,0,0
65.6514,0,0,0,0
65.7002,0,0,0,0
65.7503,0,0,0,0
65.8002,0,0,0,0
65.8502,0,0,0,0
65.9002,0,0,0,0
65.9502,0,0,0,0
66.0002,0,0,0,0
66.0502,0,0,0,0
66.1002,0,0,0,0
66.1502,0,0,0,0
