0.800413,0,0,1,3.32806,3.20648,0.263251,-3,-3,1.10697,-0.411355,-0.45559,0.608458,0.153061,-0.153061,0.0776628,0.159815,0.154314,0.015727,0.524065,0.614425,10.0331,0.53769
0.850398,0,0,1,3.29984,3.17512,0.302381,-3,-3,1.05001,-0.465968,-0.515279,0.591506,0.153061,-0.153061,0.0747651,0.160151,0.151904,0.0217172,0.536572,0.690269,8.80318,0.539249
0.900411,0,0,1,3.28497,3.15863,0.319958,-3,-3,1.02535,-0.484762,-0.537621,0.539156,0.153061,-0.153061,0.0742601,0.159791,0.149413,0.0300312,0.693987,0.664383,8.26123,0.577489
0.950411,0,0,1,3.25396,3.12444,0.350369,-3,-3,0.981356,-0.515354,-0.577911,0.440815,0.153061,-0.153061,0.0724569,0.159317,0.148389,0.0358609,0.818873,0.783358,8.36529,0.599247
1.0004,0,0,1,3.23901,3.10797,0.36257,-3,-3,0.964648,-0.529021,-0.596725,0.40117,0.153061,-0.153061,0.072252,0.158951,0.148044,0.040457,0.747198,0.781544,8.45401,0.587266
1.0504,0,0,1,3.20375,3.06871,0.387107,-3,-3,0.929374,-0.566808,-0.645478,0.37884,0.153061,-0.153061,0.0716757,0.158184,0.147748,0.047712,0.755683,0.779699,9.84592,0.567657
1.10038,0,0,1,3.18645,3.04924,0.398398,-3,-3,0.913941,-0.584192,-0.668604,0.38689,0.153061,-0.153061,0.0717162,0.157581,0.148147,0.0519945,0.952551,0.928927,9.9806,0.559124
1.1504,0,0,1,3.16662,3.02708,0.411317,-3,-3,0.896035,-0.601656,-0.691266,0.391853,0.153061,-0.153061,0.0717616,0.156754,0.148737,0.0573286,0.953382,0.994083,9.31174,0.556262
1.20046,0,0,1,3.12629,2.98208,0.436808,-3,-3,0.859208,-0.63132,-0.730321,0.367762,0.153061,-0.153061,0.0718678,0.156244,0.149195,0.0605333,0.803714,0.821007,9.16569,0.559667
1.25044,0,0,1,3.08557,2.93616,0.458107,-3,-3,0.828614,-0.653318,-0.760406,0.319339,0.153061,-0.153061,0.07212,0.155306,0.149916,0.0647303,0.98879,0.96846,8.9466,0.577873
1.30041,0,0,1,3.06345,2.91094,0.467971,-3,-3,0.815147,-0.662973,-0.77502,0.29126,0.153061,-0.153061,0.0721118,0.154744,0.149993,0.0672167,1.1046,0.894246,8.85174,0.578721
1.35042,0,0,1,3.04081,2.88529,0.476727,-3,-3,0.803322,-0.670555,-0.788686,0.264212,0.153061,-0.153061,0.0720838,0.154333,0.150172,0.0689166,1.07751,0.998178,8.83816,0.581572
1.40046,0,0,1,2.99576,2.83398,0.492257,-3,-3,0.781297,-0.692336,-0.816007,0.234077,0.153061,-0.153061,0.0721034,0.153701,0.150389,0.071418,1.06894,1.08301,9.38167,0.579505
1.45038,0,0,1,2.9732,2.80818,0.499411,-3,-3,0.771816,-0.703071,-0.826965,0.224864,0.153061,-0.153061,0.0721534,0.153541,0.15051,0.0725997,1.23648,1.0864,9.53117,0.575552
1.50045,0,0,1,2.92557,2.75329,0.513576,-3,-3,0.751786,-0.719801,-0.85367,0.209172,0.153061,-0.153061,0.0721448,0.153116,0.150612,0.0740385,1.18667,1.08659,9.41097,0.573141
1.5504,0,0,1,2.90169,2.72559,0.520316,-3,-3,0.742874,-0.726031,-0.863818,0.200809,0.153061,-0.153061,0.0721355,0.152764,0.150542,0.0748592,1.23674,1.08304,9.41047,0.57522
1.60044,0,0,1,2.85149,2.66717,0.53317,-3,-3,0.724761,-0.739518,-0.883839,0.178056,0.153061,-0.153061,0.0720042,0.152767,0.150352,0.075542,1.37728,1.20315,9.15486,0.578784
1.65038,0,0,1,2.82406,2.6349,0.539332,-3,-3,0.716668,-0.745373,-0.893648,0.160961,0.153061,-0.153061,0.0719823,0.152457,0.150328,0.0757908,1.3587,1.20889,9.35366,0.582599
1.70043,0,0,1,2.77548,2.5775,0.548457,-3,-3,0.70411,-0.75491,-0.907924,0.136353,0.153061,-0.153061,0.071808,0.152404,0.15007,0.076026,1.1733,1.21007,9.30358,0.586204
1.75038,0,0,1,2.7461,2.54323,0.553001,-3,-3,0.698412,-0.762307,-0.919069,0.126222,0.153061,-0.153061,0.0717588,0.152326,0.149849,0.076354,1.22595,1.13437,9.45555,0.583353
1.80034,0,0,1,2.718,2.51027,0.557107,-3,-3,0.693358,-0.767137,-0.926076,0.118956,0.153061,-0.153061,0.0716585,0.152335,0.149564,0.0764617,1.27465,1.19152,9.50845,0.582861
1.85043,0,0,1,2.66829,2.45169,0.563565,-3,-3,0.684764,-0.773391,-0.939555,0.10955,0.153061,-0.153061,0.071655,0.15212,0.149766,0.0765295,1.36326,1.24622,9.42587,0.582569
1.90041,0,0,1,2.63757,2.41515,0.566832,-3,-3,0.680947,-0.777309,-0.949149,0.101436,0.153061,-0.153061,0.0716078,0.152044,0.149517,0.0765701,1.29293,1.23634,9.40551,0.585247
1.95041,0,0,1,2.5831,2.34999,0.570827,-3,-3,0.676027,-0.784956,-0.963549,0.0859016,0.153061,-0.153061,0.0714728,0.151878,0.149341,0.076306,1.30131,1.28622,9.39302,0.590293
2.00039,0,0,1,2.55309,2.31409,0.572474,-3,-3,0.674625,-0.792711,-0.970885,0.0781422,0.153061,-0.153061,0.0714422,0.151727,0.149539,0.0761338,1.35763,1.30933,9.42118,0.589417
2.0504,0,0,1,2.49944,2.24945,0.575835,-3,-3,0.670644,-0.801365,-0.980893,0.0666872,0.153061,-0.153061,0.0715557,0.15139,0.149512,0.0759545,1.28062,1.24156,9.38104,0.591396
2.10039,0,0,1,2.46879,2.21259,0.57737,-3,-3,0.669397,-0.805702,-0.98839,0.0650222,0.153061,-0.153061,0.0715404,0.151437,0.149385,0.0756458,1.43913,1.38067,9.53649,0.588234
2.1504,0,0,1,2.41258,2.14533,0.580631,-3,-3,0.665555,-0.811477,-0.997175,0.0594412,0.153061,-0.153061,0.0714307,0.151494,0.149225,0.0754427,1.39374,1.41516,9.47064,0.589458
2.2004,0,0,1,2.38215,2.10926,0.582406,-3,-3,0.663937,-0.816709,-1.0027,0.0594962,0.153061,-0.153061,0.0714961,0.151547,0.149388,0.075247,1.34156,1.29558,9.65398,0.587804
2.25043,0,0,1,2.322,2.03814,0.586033,-3,-3,0.659531,-0.824876,-1.01227,0.0525626,0.153061,-0.153061,0.071484,0.151617,0.149286,0.0747871,1.41556,1.38918,9.62097,0.590586
2.30039,0,0,1,2.29678,2.00818,0.587177,-3,-3,0.658847,-0.829186,-1.01445,0.0506394,0.153061,-0.153061,0.0714808,0.151556,0.149266,0.0746563,1.25442,1.36057,9.52656,0.590433
2.35042,0,0,1,2.23308,1.93303,0.590041,-3,-2.96162,0.655576,-0.835985,-1.02415,0.0456557,0.153061,-0.153061,0.0713709,0.15164,0.149009,0.0741444,1.55957,1.45071,9.52038,0.591231
2.4004,0,0,1,2.20415,1.89889,0.591053,-3,-2.99706,0.65508,-0.8382,-1.03014,0.0414179,0.153061,-0.153061,0.071435,0.151563,0.149119,0.0739517,1.40004,1.40665,9.46846,0.593114
2.45043,0,0,1,2.16991,1.85803,0.592106,-3,-2.92703,0.654521,-0.841048,-1.03513,0.0401876,0.153061,-0.153061,0.0713682,0.151486,0.148832,0.0736966,1.27638,1.28849,9.58396,0.591986
2.50041,0,0,1,2.1112,1.78789,0.5933,-3,-2.76766,0.653747,-0.845292,-1.03975,0.0400085,0.153061,-0.153061,0.0713096,0.151162,0.14883,0.0736975,1.20805,1.45485,9.6072,0.591571
2.55039,0,0,1,2.07881,1.74931,0.594034,-3,-2.7773,0.65366,-0.848223,-1.04388,0.0413758,0.153061,-0.153061,0.0713918,0.15102,0.149072,0.0737249,1.42037,1.48325,9.58652,0.591229
2.60042,0,0,1,2.01973,1.67922,0.595456,-3,-2.61343,0.652539,-0.853539,-1.05013,0.0430377,0.153061,-0.153061,0.0714747,0.151163,0.149177,0.0738884,1.39495,1.40123,9.57249,0.590453
2.65038,0,0,1,1.98676,1.64024,0.596142,-3,-2.62115,0.652519,-0.855128,-1.05261,0.042315,0.153061,-0.153061,0.0714778,0.15111,0.14909,0.0741732,1.39677,1.39755,9.5554,0.592606
2.70045,0,0,1,1.92002,1.56024,0.598375,-3,-2.42331,0.650175,-0.858191,-1.05864,0.0413898,0.153061,-0.153061,0.0714426,0.151144,0.149109,0.0738519,1.37777,1.44012,9.59765,0.591637
2.75038,0,0,1,1.88856,1.52299,0.599079,-3,-2.4564,0.650119,-0.86052,-1.06126,0.0391976,0.153061,-0.153061,0.0713792,0.150893,0.149061,0.0739744,1.37762,1.46949,9.64837,0.594041
2.8004,0,0,1,1.82337,1.44647,0.600046,-2.87783,-2.26685,0.649669,-0.867524,-1.06643,0.0400358,0.153061,-0.153061,0.0714461,0.151182,0.149116,0.0738301,1.47942,1.49605,9.55036,0.592439
2.85042,0,0,1,1.78979,1.40639,0.60089,-2.89517,-2.28311,0.649401,-0.867509,-1.06892,0.0395849,0.153061,-0.153061,0.0714477,0.151229,0.14916,0.073848,1.55399,1.52056,9.54191,0.593507
2.9004,0,0,1,1.75759,1.36787,0.601666,-2.85393,-2.2318,0.649232,-0.869839,-1.0706,0.0405624,0.153061,-0.153061,0.0714598,0.151014,0.149084,0.0736871,1.51674,1.42594,9.61247,0.592974
2.95043,0,0,1,1.69274,1.29089,0.603292,-2.69574,-2.04279,0.647787,-0.875055,-1.07598,0.0424837,0.153061,-0.153061,0.0714129,0.151049,0.148994,0.0737292,1.45651,1.42691,9.50357,0.591663
3.00042,0,0,1,1.65832,1.25029,0.603924,-2.70898,-2.05765,0.647829,-0.874896,-1.07479,0.0418345,0.153061,-0.153061,0.0714352,0.151126,0.149255,0.073561,1.47108,1.46659,9.50618,0.594098
3.05044,0,0,1,1.5939,1.17359,0.605022,-2.55642,-1.87341,0.647169,-0.878865,-1.07638,0.0415525,0.153061,-0.153061,0.0716125,0.151103,0.149381,0.0734724,1.41044,1.4629,9.56601,0.59381
3.10042,0,0,1,1.55858,1.13159,0.605527,-2.56547,-1.88255,0.647397,-0.879015,-1.07618,0.0409102,0.153061,-0.153061,0.0715968,0.151125,0.149383,0.0735257,1.63417,1.53415,9.51701,0.594867
3.15044,0,0,1,1.49271,1.05395,0.606756,-2.40738,-1.69752,0.646538,-0.881092,-1.07972,0.0413679,0.135222,-0.153061,0.0715275,0.151388,0.149369,0.0733732,1.50391,1.50465,9.565,0.593879
3.2004,0,0,1,1.46358,1.01943,0.607466,-2.43704,-1.73441,0.646453,-0.883076,-1.08142,0.041824,0.153061,-0.153061,0.0716526,0.15127,0.149626,0.0733439,1.38436,1.51331,9.57965,0.594488
3.25043,0,0,1,1.39557,0.939102,0.609459,-2.25745,-1.52485,0.644441,-0.888014,-1.08273,0.0441576,0.0604346,-0.153061,0.0717191,0.151245,0.149621,0.0732311,1.39698,1.41388,9.64083,0.592236
3.30041,0,0,1,1.3611,0.898432,0.610128,-2.27265,-1.54523,0.644411,-0.887839,-1.08481,0.0475082,0.153061,-0.153061,0.0716921,0.148461,0.149431,0.0733136,1.45249,1.39011,9.78077,0.592507
3.35045,0,0,1,1.29587,0.821579,0.611564,-2.11344,-1.3598,0.643228,-0.89074,-1.088,0.0560797,0.0321153,-0.153061,0.0716386,0.146975,0.149284,0.0732971,1.4622,1.35964,9.6939,0.588155
3.40038,0,0,1,1.26211,0.781898,0.612486,-2.12557,-1.37636,0.642813,-0.892669,-1.08581,0.0601499,0.153061,-0.153061,0.0718299,0.130181,0.149472,0.0737721,1.61532,1.66103,9.81334,0.590401
3.45043,0,0,1,1.22928,0.743414,0.613529,-2.07832,-1.32307,0.642216,-0.894256,-1.07996,0.0703301,0.153061,-0.153061,0.0721982,0.122991,0.149511,0.0738514,1.48202,1.63587,9.79344,0.585934
3.50046,0,0,1,1.16494,0.668821,0.616666,-1.91881,-1.14063,0.63847,-0.89802,-1.06469,0.0829342,-0.00509195,-0.153061,0.0724324,0.104238,0.149546,0.0741966,1.56097,1.4302,9.8536,0.580971
3.55039,0,0,1,1.1292,0.628351,0.618947,-1.92221,-1.14955,0.636,-0.901653,-1.0522,0.0908702,0.153061,-0.153061,0.0726342,0.101928,0.149393,0.0739164,1.45869,1.50078,9.71783,0.582643
3.60044,0,0,1,1.05902,0.5507,0.623811,-1.74831,-0.960362,0.629645,-0.908187,-1.02563,0.0942042,-0.0435466,-0.153061,0.0725031,0.108739,0.149451,0.0735421,1.40827,1.41859,9.49427,0.581828
3.65038,0,0,1,1.02236,0.51094,0.626293,-1.76013,-0.977533,0.626855,-0.911154,-1.01763,0.0953399,0.153061,-0.153061,0.0725667,0.0990185,0.149586,0.0735392,1.49838,1.40714,9.96186,0.584379
3.70044,0,0,1,0.955406,0.438844,0.631815,-1.59936,-0.806063,0.619494,-0.914255,-0.992671,0.110546,-0.0646042,-0.153061,0.072776,0.0945252,0.149424,0.0735638,1.61844,1.33168,9.7238,0.571943
3.75041,0,0,1,0.921907,0.403542,0.634777,-1.61582,-0.827504,0.615963,-0.916994,-0.979056,0.120159,0.13103,-0.153061,0.0728312,0.0787118,0.149233,0.0739682,1.47391,1.19078,10.2099,0.574914
3.80043,0,0,1,0.853876,0.33366,0.642565,-1.4448,-0.654451,0.605175,-0.927217,-0.949728,0.142628,-0.0958118,-0.153061,0.0729809,0.0779533,0.149192,0.0740364,1.51949,1.32228,10.056,0.560111
3.85042,0,0,1,0.818757,0.298468,0.647111,-1.45789,-0.671727,0.599239,-0.92969,-0.931067,0.142912,0.0980659,-0.153061,0.073219,0.0688785,0.149315,0.0741955,1.40305,1.25247,9.50465,0.572918
3.9004,0,0,1,0.787406,0.267671,0.651285,-1.41839,-0.634978,0.593848,-0.932329,-0.911465,0.150707,0.0382168,-0.153061,0.0735246,0.0562628,0.149381,0.0743307,1.44813,1.15048,9.77391,0.567677
3.95044,0,0,1,0.710288,0.19446,0.661425,-1.2113,-0.440943,0.579486,-0.938257,-0.864673,0.147717,-0.140149,-0.0506489,0.0737539,0.046652,0.149519,0.0743291,1.37658,1.07643,9.58126,0.5671
4.00043,0,0,1,0.674739,0.16194,0.666061,-1.241,-0.473839,0.573367,-0.942129,-0.842415,0.150706,0.0826034,-0.153061,0.0738288,0.0384839,0.149357,0.0744607,1.38418,1.13483,9.45811,0.567073
4.05043,0,0,1,0.603016,0.0989255,0.675286,-1.06108,-0.318589,0.56034,-0.948409,-0.797971,0.138849,-0.121402,-0.0293993,0.0737292,0.0404369,0.149228,0.0742971,1.48711,0.993172,9.59029,0.571078
4.10045,0,0,1,0.569368,0.0704945,0.679578,-1.08677,-0.345295,0.554703,-0.950043,-0.77961,0.134824,0.0507702,-0.153061,0.0729188,0.0116158,0.136146,0.0760122,1.54082,0.879751,9.90566,0.570825
4.1504,0,0,1,0.497112,0.0121271,0.688686,-0.901033,-0.19779,0.54182,-0.94618,-0.725058,0.142674,-0.119398,0.0145189,0.0642578,0.00631303,0.128946,0.0774632,1.41285,1.01528,9.76716,0.558344
4.20039,0,0,1,0.463701,-0.0136026,0.693215,-0.928713,-0.224521,0.535792,-0.942564,-0.698977,0.148267,0.0448776,-0.153061,0.0624582,-0.0113998,0.112196,0.0800063,1.43838,0.892975,10.1154,0.561359
4.25043,0,0,1,0.394456,-0.0641676,0.703739,-0.753314,-0.0989446,0.520748,-0.927031,-0.634435,0.163683,-0.0907565,0.0314092,0.0520769,-0.0159017,0.10364,0.0819289,1.41624,0.667389,9.88972,0.547564
4.30041,0,0,1,0.358679,-0.0889493,0.709403,-0.766431,-0.113005,0.512978,-0.915358,-0.600455,0.162077,0.0344733,-0.153061,0,-0.0249361,0.0925014,0.0835856,1.48688,0.711503,9.46477,0.558947
4.35041,0,0,1,0.288303,-0.135368,0.720731,-0.591697,0,0.496685,-0.88435,-0.531428,0.171359,-0.0737231,0.0521699,0,-0.0301265,0.0787867,0.0862887,1.34631,0.715704,9.87413,0.54557
4.40041,0,0,1,0.256208,-0.155458,0.726191,-0.620128,-0.0219259,0.489179,-0.867521,-0.503532,0.164804,0.0365026,-0.153061,0,-0.0314986,0.0696562,0.0875688,1.31004,0.647548,9.73235,0.557902
4.45041,0,0,1,0.193094,-0.193057,0.737428,-0.463395,0.0699883,0.47298,-0.830292,-0.446035,0.169026,-0.0607816,0.0511344,0,-0.0276376,0.0656185,0.0875101,1.42152,0.477508,9.96967,0.545254
4.50042,0,0,1,0.163564,-0.209619,0.74287,-0.4863,0.0532619,0.46546,-0.813677,-0.423794,0.164036,0.0252935,-0.122737,0,-0.0260511,0.0595955,0.0856084,1.25341,0.492773,9.86209,0.553972
4.55043,0,0,1,0.132249,-0.226771,0.74847,-0.435755,0.0807429,0.457689,-0.79423,-0.398015,0.172525,-0.0174497,-0.0406246,0,-0.0182211,0.0572101,0.0805242,1.22939,0.54967,9.94565,0.544812
4.60041,0,0,1,0.0703489,-0.259372,0.759689,-0.281677,0.161218,0.441461,-0.755638,-0.354198,0.16626,-0.0651431,0.0816113,0,-0.0175375,0.0497315,0.0757911,1.19567,0.265745,9.79299,0.5466
4.65038,0,0,1,0.0402297,-0.274729,0.765153,-0.300076,0.150443,0.433851,-0.737421,-0.334824,0.167745,0.0115426,-0.084196,0,-0.0121179,0.0478639,0.068645,1.02526,0.278096,9.52345,0.545803
4.70043,0,0,1,-0.0148071,-0.301393,0.774491,-0.167781,0.213743,0.420409,-0.703529,-0.304249,0.141524,-0.0634099,0.0844469,0,-0.00955496,0.0489629,0.063454,0.980541,0.404644,9.50738,0.558793
4.75039,0,0,1,-0.0407026,-0.313257,0.778419,-0.186974,0.202788,0.415071,-0.687653,-0.292158,0.130726,-0.000213835,-0.0616538,0,-0.0132847,0.038509,0.0578538,0.999745,0.340128,9.471,0.556102
4.80045,0,0,1,-0.0928147,-0.336887,0.784572,-0.0563111,0.262532,0.40638,-0.649324,-0.266754,0.116408,-0.0700723,0.0974361,0,-0.0142608,0.0265671,0.0499879,1.05197,0.1737,9.79127,0.557169
4.85042,0,0,1,-0.120075,-0.348772,0.788068,-0.0646638,0.257816,0.401666,-0.627223,-0.249761,0.120239,-0.00703856,-0.0362219,0,-0.0165943,0.0169568,0.0444423,0.866678,0.186509,9.7969,0.548943
4.90043,0,0,1,-0.167637,-0.368894,0.794386,0.0476498,0.30537,0.392702,-0.577783,-0.219834,0.126036,-0.0533883,0.07922,0,-0.0187444,0.005628,0.0369066,0.781065,0.238852,9.97686,0.543759
4.95038,0,0,1,-0.187265,-0.376698,0.797527,0.0217483,0.293405,0.388496,-0.556582,-0.208647,0.130918,-0.00543793,-0.0465657,0,-0.022294,-0.002354,0.0325858,0.756815,0.0775748,9.86632,0.545354
5.00044,0,0,1,-0.233157,-0.394418,0.80383,0.143565,0.34075,0.379533,-0.504983,-0.182655,0.123282,-0.0581892,0.095606,0,-0.0242058,-0.00968011,0.0283791,0.866721,0.24379,9.53183,0.549169
5.05043,0,0,1,-0.250794,-0.400979,0.806624,0.114242,0.329319,0.375825,-0.482691,-0.173527,0.112324,-0.00991666,-0.0435368,0,-0.0253682,-0.016362,0.0231975,0.593381,0.162201,9.72723,0.554677
5.10044,0,0,1,-0.28872,-0.414775,0.811872,0.212404,0.365511,0.368424,-0.432051,-0.149621,0.0957787,-0.047982,0.0731596,0,-0.02409,-0.0160154,0.0196433,0.540605,0.172085,9.76971,0.55713
5.15039,0,0,1,-0.308378,-0.421784,0.813727,0.206182,0.36352,0.366107,-0.407139,-0.137513,0.0899562,-0.017499,-0.0157156,0,-0.0259293,-0.0199111,0.016015,0.724437,0.0776259,9.9345,0.554977
5.20041,0,0,1,-0.339712,-0.432575,0.81753,0.277325,0.388334,0.360858,-0.363427,-0.118688,0.0916961,-0.0406182,0.0534438,0,-0.024927,-0.01881,0.0137962,0.679103,0.0529115,9.61636,0.548817
5.25038,0,0,1,-0.354823,-0.437625,0.819442,0.268466,0.385532,0.358441,-0.343237,-0.108641,0.0902699,-0.0182143,-0.0121479,0,-0.02498,-0.0171552,0.0103007,0.51883,-0.00884004,9.87026,0.551799
5.30038,0,0,1,-0.369688,-0.442463,0.821787,0.291186,0.393469,0.35537,-0.324704,-0.0994968,0.0899522,-0.0304847,0.0240048,0,-0.0242712,-0.0159262,0.00844607,0.526646,-0.0507233,9.74444,0.550638
5.35045,0,0,1,-0.397967,-0.451127,0.825879,0.361351,0.415221,0.349668,-0.286446,-0.0826736,0.0764164,-0.0390104,0.0630041,0,-0.0244475,-0.0158352,0.00554904,0.402759,0.0906384,9.59777,0.557238
5.40037,0,0,1,-0.412274,-0.455177,0.827742,0.356011,0.413239,0.347304,-0.268064,-0.0753905,0.0670669,-0.0224317,-5.74044e-05,0,-0.0231837,-0.0137149,0.00409857,0.493319,-0.0279279,9.47872,0.558012
5.4504,0,0,1,-0.435786,-0.461586,0.830593,0.410714,0.428707,0.343451,-0.237302,-0.0622896,0.0466091,-0.0357895,0.0569205,0,-0.0223675,-0.0118725,0.00214897,0.270518,-0.107447,9.56171,0.565451
5.50041,0,0,1,-0.446949,-0.464453,0.831689,0.403901,0.427091,0.342227,-0.226024,-0.0563466,0.0394053,-0.0240897,0.00947309,0,-0.0239112,-0.0166237,0.000735819,0.311632,-0.152605,9.66852,0.561191
5.5504,0,0,1,-0.467312,-0.469119,0.833865,0.454024,0.43886,0.339379,-0.198657,-0.047615,0.0396402,-0.0365764,0.0591213,0,-0.0243119,-0.0201153,-0.000782149,0.315276,-0.0584261,9.88436,0.556347
5.60044,0,0,1,-0.477905,-0.471297,0.8351,0.451543,0.438326,0.337938,-0.184781,-0.0425517,0.045354,-0.0267919,0.0151856,0,-0.024722,-0.0242375,-0.00252186,0.330173,0.0569092,9.83317,0.553388
5.65042,0,0,1,-0.495187,-0.474497,0.837008,0.492111,0.446365,0.335483,-0.156701,-0.0312221,0.046019,-0.0288634,0.049425,0,-0.0244355,-0.0249804,-0.00335014,0.146246,-0.0992613,9.78662,0.555079
5.70041,0,0,1,-0.501786,-0.475522,0.837603,0.48189,0.444735,0.334998,-0.146787,-0.0268401,0.0431128,-0.0249674,0.0109241,0,-0.0250922,-0.0273208,-0.00443227,0.275964,-0.130598,9.81798,0.558359
5.75043,0,0,1,-0.517922,-0.477431,0.839346,0.526444,0.450561,0.332784,-0.118077,-0.0171808,0.0325309,-0.026737,0.0534741,0,-0.0251131,-0.0280208,-0.005073,-0.0451098,-0.0701439,9.77605,0.562735
5.80044,0,0,1,-0.524763,-0.477955,0.839725,0.519442,0.449772,0.332617,-0.105259,-0.0134841,0.0254179,-0.0254057,0.0119802,0,-0.0248549,-0.0283618,-0.00542452,0.15961,-0.140452,9.5262,0.563221
5.85041,0,0,1,-0.531003,-0.478342,0.839941,0.528933,0.451278,0.332693,-0.0917279,-0.0100397,0.0212556,-0.0281151,0.0277921,0,-0.0236221,-0.0274907,-0.00615469,0.106807,-0.171686,9.87799,0.562661
5.9004,0,0,1,-0.540928,-0.478633,0.840022,0.552544,0.452716,0.332971,-0.0730907,-0.00565787,0.0193573,-0.0268909,0.0394728,0,-0.0226645,-0.027874,-0.00650087,0.0667881,-0.0916607,9.62425,0.562112
5.95044,0,0,1,-0.545871,-0.478437,0.839952,0.551346,0.452646,0.333476,-0.0639912,-0.00234821,0.0230748,-0.0261118,0.0216884,0,-0.0217754,-0.0270558,-0.00662518,0.099435,-0.131033,9.84632,0.559093
6.00043,0,0,1,-0.555539,-0.477419,0.840073,0.576699,0.450667,0.333695,-0.0453639,-0.00134012,0.0234651,-0.0262862,0.0420602,0,-0.0215637,-0.0250338,-0.00686405,0.0179333,-0.187915,9.95896,0.560741
6.05041,0,0,1,-0.559228,-0.47692,0.840143,0.571671,0.452148,0.33399,-0.0382129,0.00114143,0.0222277,-0.0286974,0.0199691,0,-0.021677,-0.0241919,-0.00671898,0.0835203,-0.238365,9.74426,0.561979
6.10041,0,0,1,-0.565274,-0.475649,0.839781,0.586862,0.449885,0.334933,-0.0238804,0.00265462,0.0183608,-0.0253944,0.0344761,0,-0.0217194,-0.0235443,-0.00686064,-0.00906262,-0.0621031,9.83412,0.564496
6.15042,0,0,1,-0.568097,-0.474736,0.839647,0.586074,0.450422,0.335535,-0.01591,0.00501699,0.0161012,-0.027507,0.0229037,0,-0.0216141,-0.0235503,-0.00721135,0.0169849,-0.217989,9.79365,0.564112
6.20041,0,0,1,-0.572553,-0.472652,0.839143,0.597455,0.446135,0.336693,-0.00648265,0.00619158,0.0165869,-0.0227969,0.0353562,0,-0.0216044,-0.0232481,-0.0069241,-0.194166,-0.233063,9.96063,0.563278
6.25042,0,0,1,-0.574929,-0.471221,0.838827,0.598294,0.446472,0.33757,0.000673413,0.00782019,0.0176325,-0.0273302,0.0258989,0,-0.0216073,-0.0229587,-0.00673477,-0.119381,-0.132251,9.80086,0.562992
6.30043,0,0,1,-0.577396,-0.468919,0.83836,0.603621,0.442451,0.338674,0.0101992,0.00712622,0.0200217,-0.0249012,0.0276833,0,-0.0216651,-0.0221285,-0.00677109,-0.112257,-0.254414,9.86261,0.562401
6.35039,0,0,1,-0.578638,-0.467383,0.838136,0.604481,0.442844,0.339415,0.0131963,0.00776213,0.0190725,-0.0286389,0.0300337,0,-0.0211975,-0.0222007,-0.00665893,-0.14771,-0.153707,9.81643,0.564302
6.40042,0,0,1,-0.58107,-0.463581,0.837885,0.611958,0.433774,0.340197,0.0190273,0.00884956,0.0168321,-0.0160695,0.0353069,0,-0.0210815,-0.0220206,-0.00674408,-0.119832,-0.144448,9.78555,0.565583
6.45038,0,0,1,-0.581728,-0.461843,0.837698,0.610856,0.436439,0.340883,0.0233705,0.00808441,0.0134748,-0.0316364,0.0272993,0,-0.021067,-0.0215535,-0.00692218,-0.126342,-0.186906,9.7928,0.566865
6.50039,0,0,1,-0.582608,-0.458371,0.837051,0.614075,0.428918,0.342261,0.0279908,0.00798228,0.0144359,-0.0189387,0.0318982,0,-0.021328,-0.0214872,-0.00700345,-0.0966171,-0.26197,9.69989,0.565277
6.55037,0,0,1,-0.58298,-0.455839,0.836691,0.615072,0.428133,0.343209,0.0331229,0.0090544,0.0165839,-0.0246833,0.0287316,0,-0.0201236,-0.0222201,-0.00678011,-0.082443,-0.224769,9.92123,0.564451
6.6004,0,0,1,-0.583324,-0.453044,0.836063,0.616993,0.424556,0.344561,0.0340168,0.00616324,0.0186491,-0.0263105,0.035208,0,-0.0200135,-0.022543,-0.00670339,-0.0981494,-0.181884,9.8314,0.564752
6.6504,0,0,1,-0.582599,-0.449047,0.835496,0.615224,0.417273,0.345822,0.0429436,0.00770752,0.0212187,-0.0159266,0.0208463,0,-0.0203095,-0.022724,-0.00667756,-0.244112,-0.15909,9.8358,0.564419
6.70041,0,0,1,-0.581938,-0.447287,0.835231,0.615816,0.420224,0.346633,0.0447225,0.00527584,0.0206312,-0.0327096,0.0310616,0,-0.0197317,-0.0229008,-0.00684808,-0.206485,-0.178571,9.78185,0.566145
6.75045,0,0,1,-0.580205,-0.442638,0.83492,0.612525,0.40859,0.347512,0.0506236,0.0045792,0.0208473,-0.013336,0.0209472,0,-0.0199329,-0.0232429,-0.00688804,-0.122812,-0.315965,9.76843,0.566041
6.80039,0,0,1,-0.579365,-0.439911,0.834393,0.614496,0.409427,0.348715,0.0552548,0.00447589,0.0200468,-0.0263558,0.0276416,0,-0.0188866,-0.0227406,-0.00681906,-0.143131,-0.254314,9.73258,0.567177
6.85043,0,0,1,-0.576938,-0.435119,0.833239,0.60913,0.399213,0.350865,0.059035,0.00320399,0.0225566,-0.0141482,0.0190786,0,-0.0190393,-0.0217978,-0.00642366,-0.123028,-0.224412,9.82888,0.566104
6.90038,0,0,1,-0.575296,-0.432528,0.832701,0.609663,0.400794,0.352089,0.0623934,0.00376197,0.0221941,-0.0252303,0.0254897,0,-0.0180419,-0.0208444,-0.00607948,-0.255917,-0.277899,9.87544,0.567481
6.95038,0,0,1,-0.571742,-0.428841,0.832443,0.601944,0.39415,0.352895,0.0646216,0.00133608,0.0283787,-0.0191914,0.0160022,0,-0.0175976,-0.0200317,-0.00579048,-0.00833167,-0.173986,9.89582,0.563354
7.00045,0,0,1,-0.569537,-0.427239,0.832655,0.602765,0.39699,0.352996,0.0675745,-0.00043412,0.0299358,-0.0302128,0.0241476,0,-0.0162243,-0.0183482,-0.0053838,-0.0724691,-0.205091,9.83249,0.565259
7.0504,0,0,1,-0.565831,-0.422404,0.832708,0.595606,0.384315,0.353334,0.0689772,-0.00230318,0.0332543,-0.0117611,0.0157584,0,-0.0160542,-0.0174121,-0.0052217,-0.12403,-0.27026,9.76199,0.564206
7.10038,0,0,1,-0.563987,-0.419772,0.832628,0.597976,0.385827,0.353873,0.067771,-0.00450795,0.0335718,-0.0283271,0.0300613,0,-0.0159206,-0.0165116,-0.00492049,-0.224556,-0.169553,9.78113,0.566002
7.15043,0,0,1,-0.561843,-0.416896,0.832317,0.595573,0.382078,0.354758,0.0677408,-0.00712664,0.0345862,-0.0236314,0.0240741,0,-0.0173013,-0.0152829,-0.00454031,-0.262143,-0.376942,9.74966,0.565969
7.20045,0,0,1,-0.557678,-0.412663,0.83151,0.586678,0.374043,0.35639,0.066592,-0.00956008,0.0338986,-0.017943,0.0170157,0,-0.0171367,-0.01462,-0.00437496,-0.296068,-0.170693,9.75862,0.567701
7.25039,0,0,1,-0.555908,-0.411055,0.831522,0.590193,0.377901,0.356793,0.065302,-0.00959139,0.0328938,-0.0294126,0.0321001,0,-0.0171024,-0.0145472,-0.00400932,-0.15525,-0.19129,9.82319,0.56762
7.3004,0,0,1,-0.5526,-0.404791,0.831393,0.583542,0.36021,0.357409,0.0656928,-0.0104512,0.036087,-0.0036831,0.0186445,0,-0.0177682,-0.0156088,-0.00386354,-0.0300112,-0.327482,9.8098,0.5654
7.35038,0,0,1,-0.550742,-0.402182,0.831328,0.585028,0.364607,0.357928,0.0655839,-0.0120191,0.037417,-0.0293452,0.0287385,0,-0.018012,-0.0161744,-0.003677,-0.236832,-0.236719,9.84355,0.566322
7.40042,0,0,1,-0.546702,-0.39728,0.830722,0.575984,0.353674,0.359259,0.0682033,-0.0125398,0.0403604,-0.0100148,0.0124277,0,-0.0186566,-0.016906,-0.00362684,-0.020027,-0.205099,9.92525,0.56584
7.45041,0,0,1,-0.544924,-0.394049,0.830741,0.579192,0.353143,0.359655,0.0675704,-0.0143967,0.0415307,-0.0229523,0.0301975,0,-0.0174921,-0.0174747,-0.00338339,-0.135165,-0.250845,9.81917,0.566301
7.50039,0,0,1,-0.543411,-0.390651,0.830622,0.578811,0.348689,0.360256,0.069242,-0.0136621,0.0432521,-0.015267,0.024333,0,-0.0161742,-0.0181616,-0.00306299,-0.26525,-0.228145,9.89539,0.566118
7.55039,0,0,1,-0.539554,-0.384229,0.830606,0.569687,0.333969,0.360703,0.0719718,-0.0134472,0.046705,-0.00128634,0.0114669,0,-0.0153589,-0.0176253,-0.00270388,-0.0666849,-0.103363,9.87779,0.564882
7.60038,0,0,1,-0.537213,-0.381996,0.831141,0.570549,0.339952,0.360323,0.0739727,-0.0169825,0.0492242,-0.0296977,0.0228102,0,-0.0145161,-0.0171914,-0.00260714,-0.159106,-0.244297,9.87319,0.564656
7.65042,0,0,1,-0.532904,-0.376754,0.832259,0.561493,0.327026,0.359066,0.0759819,-0.0202269,0.0510472,-0.00768164,0.0100476,0,-0.0145138,-0.017728,-0.00248103,-0.160404,-0.282101,9.85669,0.564259
7.70044,0,0,1,-0.530887,-0.373327,0.83275,0.56437,0.326439,0.358748,0.0778967,-0.0217913,0.0488148,-0.0193824,0.0233507,0,-0.0108828,-0.0163911,-0.00216056,-0.0961149,-0.231325,9.77542,0.567197
7.75045,0,0,1,-0.52633,-0.367977,0.834052,0.553775,0.315488,0.35721,0.0762888,-0.0280453,0.0514884,-0.0126808,0.011179,0,-0.0108635,-0.0153161,-0.00208045,-0.376862,-0.373796,9.7399,0.563655
7.80038,0,0,1,-0.524036,-0.365864,0.834622,0.556158,0.3197,0.356768,0.0768016,-0.0286333,0.0524382,-0.0243796,0.023565,0,-0.01137,-0.013969,-0.00195579,-0.0243594,-0.178176,9.86054,0.565007
7.85041,0,0,1,-0.518948,-0.359503,0.835639,0.544247,0.302574,0.355654,0.0766531,-0.0305763,0.0562681,0.000146348,0.00677414,0,-0.011441,-0.0129376,-0.00178524,-0.18764,-0.33582,9.9646,0.562642
7.90041,0,0,1,-0.517074,-0.357198,0.836234,0.549154,0.308115,0.355171,0.0779215,-0.0301527,0.0553103,-0.0226432,0.024317,0,-0.0113323,-0.0123875,-0.00170942,-0.176351,-0.159558,9.75069,0.565571
7.95045,0,0,1,-0.512103,-0.352047,0.838259,0.536791,0.295584,0.352537,0.074057,-0.0309976,0.0538483,-0.00243094,0.0100476,0,-0.0126382,-0.0122744,-0.00184687,-0.0989674,-0.26016,9.76924,0.564721
8.00039,0,0,1,-0.509322,-0.349405,0.839501,0.538255,0.2975,0.351075,0.0729114,-0.0340529,0.0522898,-0.0214519,0.0228879,0,-0.0112834,-0.0115999,-0.00184781,-0.0708556,-0.210717,9.67972,0.565519
8.05045,0,0,1,-0.504644,-0.344616,0.841691,0.528726,0.2869,0.348186,0.070336,-0.0374331,0.0523913,-0.00730094,0.0117086,0,-0.0107341,-0.0111444,-0.00155599,-0.153288,-0.158438,9.66382,0.563677
8.10037,0,0,1,-0.502434,-0.341311,0.842876,0.531584,0.285741,0.346801,0.0682658,-0.0375744,0.0526766,-0.013803,0.0260485,0,-0.00965149,-0.0111248,-0.00152583,-0.170443,-0.137906,9.8528,0.56423
8.1504,0,0,1,-0.497803,-0.336219,0.84569,0.521052,0.275388,0.342966,0.0670962,-0.0407926,0.057914,-0.00586527,0.00929193,0,-0.00909364,-0.0109775,-0.00142958,-0.046731,-0.134721,9.85937,0.559314
8.20043,0,0,1,-0.495765,-0.334144,0.846865,0.52442,0.27914,0.341586,0.0655411,-0.0416129,0.057638,-0.0196974,0.0260729,0,-0.00900666,-0.011126,-0.00146105,-0.0971026,-0.202934,9.81641,0.563273
8.25044,0,0,1,-0.491058,-0.326433,0.849136,0.513248,0.257118,0.338558,0.0647815,-0.0446775,0.0585013,0.0096485,0.00792727,0,-0.00856408,-0.0118141,-0.00133096,-0.187174,-0.0742718,9.60867,0.561436
8.30038,0,0,1,-0.488968,-0.32329,0.849996,0.516562,0.262339,0.337642,0.0643287,-0.0461077,0.0563594,-0.0189932,0.024242,0,-0.00777134,-0.0119978,-0.00127886,-0.0652609,-0.174213,9.81932,0.564319
8.35039,0,0,1,-0.486649,-0.320847,0.850861,0.513847,0.260882,0.336716,0.0617232,-0.0483709,0.0523477,-0.0137434,0.0209419,0,-0.00832766,-0.0126849,-0.00117564,-0.0749935,-0.190057,9.80077,0.565854
8.40044,0,0,1,-0.482251,-0.317133,0.851865,0.504308,0.253569,0.335581,0.0611404,-0.0504858,0.0490828,-0.00649602,0.00986114,0,-0.00577866,-0.0122391,-0.00128336,-0.12976,-0.249551,9.81242,0.565837
8.45041,0,0,1,-0.479839,-0.313877,0.852069,0.505847,0.250377,0.335645,0.0602707,-0.0538215,0.0502347,-0.012451,0.0228686,0,-0.00570325,-0.0125784,-0.00150767,-0.0634483,-0.179046,9.74639,0.564208
8.50048,0,0,1,-0.475355,-0.308688,0.853219,0.496181,0.239516,0.334288,0.0605037,-0.0587335,0.0521889,-0.00487684,0.00795997,0,-0.0075428,-0.0138365,-0.001386,-0.106426,-0.120394,9.85822,0.562744
8.55042,0,0,1,-0.472822,-0.306432,0.85383,0.497449,0.242746,0.333737,0.0612452,-0.0595701,0.0544781,-0.0168025,0.0194129,0,-0.00758375,-0.0136991,-0.00144284,-0.0958035,-0.0907301,9.84062,0.562689
8.60044,0,0,1,-0.468028,-0.302727,0.854959,0.486915,0.235054,0.332406,0.0627699,-0.0590869,0.054966,-0.00225543,0.00353237,0,-0.00770222,-0.0135362,-0.00130031,-0.147175,-0.165932,9.72306,0.563067
8.65043,0,0,1,-0.46544,-0.300933,0.855629,0.488606,0.236934,0.331761,0.0644681,-0.0597863,0.0538788,-0.014471,0.0164731,0,-0.00716311,-0.0129889,-0.0013145,-0.0836739,-0.106419,9.82968,0.564404
8.70041,0,0,1,-0.460959,-0.294158,0.856734,0.479243,0.217539,0.330462,0.0639425,-0.0582083,0.0534105,0.0155712,0.00538845,0,-0.00775617,-0.0120285,-0.00133747,-0.141343,-0.0330592,9.9615,0.56378
8.75042,0,0,1,-0.458293,-0.290773,0.857766,0.48003,0.219978,0.32927,0.0630225,-0.0581394,0.0538148,-0.00940895,0.0173122,0,-0.00694191,-0.0107043,-0.00141732,-0.144942,-0.211318,9.75534,0.563296
8.80045,0,0,1,-0.453682,-0.287254,0.860331,0.470361,0.215151,0.325772,0.0592727,-0.0604557,0.0549539,-0.00408574,0.0083531,0,-0.00658142,-0.0090126,-0.00139128,-0.225476,-0.0853869,9.86287,0.561218
8.85038,0,0,1,-0.451495,-0.284661,0.861539,0.473044,0.213811,0.324305,0.0587092,-0.0610593,0.0544177,-0.00608624,0.019334,0,-0.00343938,-0.00796779,-0.00146635,-0.095188,-0.0817677,9.9119,0.563063
8.90039,0,0,1,-0.447141,-0.277234,0.863694,0.463305,0.193711,0.321413,0.0534805,-0.0648342,0.0550674,0.014415,0.0106607,0,-0.00144519,-0.00769832,-0.00130218,-0.0935713,-0.06598,9.73547,0.561361
8.95037,0,0,1,-0.445243,-0.27611,0.864925,0.466479,0.205313,0.319905,0.0524916,-0.0671935,0.0529502,-0.0211823,0.0214205,0,-0.00131312,-0.00749624,-0.00150056,-0.134833,-0.281995,9.72729,0.56366
9.00044,0,0,1,-0.441246,-0.273337,0.867154,0.457402,0.19855,0.316894,0.052213,-0.075508,0.0491866,-0.00940436,0.00613371,0,-0.00164069,-0.0079954,-0.0014458,-0.062541,-0.152527,9.83881,0.563979
9.05042,0,0,1,-0.439073,-0.270698,0.868042,0.458874,0.195526,0.315891,0.0517281,-0.0765783,0.0457314,-0.00564719,0.018317,0,0.000652025,-0.00902685,-0.00137392,-0.113384,-0.197326,9.83568,0.565332
9.10043,0,0,1,-0.436974,-0.268083,0.869065,0.456973,0.192324,0.314685,0.0509039,-0.0802885,0.0460043,-0.00873404,0.0155142,0,-0.000819354,-0.0100701,-0.00140055,-0.136536,-0.205619,9.79212,0.563279
9.1504,0,0,1,-0.433002,-0.264348,0.870623,0.44834,0.185135,0.31267,0.050386,-0.0859534,0.0468391,-0.00660716,0.00645002,0,-0.00374247,-0.0104897,-0.00133421,-0.163796,-0.0557276,9.86395,0.562298
9.20042,0,0,1,-0.431077,-0.263143,0.871396,3,3,3.31684,0.0499155,-0.0858643,0.047203,-0.153061,0.153061,0,-0.00458509,-0.0106168,-0.00135595,-0.147976,-0.114853,9.86563,0.74
9.2504,0,0,1,-0.427171,-0.258563,0.872944,3,3,3.31983,0.0488464,-0.0875072,0.0452225,-0.153061,0.153061,0,-0.00526318,-0.0110837,-0.00161046,-0.154258,-0.0976572,9.93212,0.74
9.30042,0,0,1,-0.425181,-0.256214,0.873667,3,3,3.32406,0.0491158,-0.0886108,0.0445175,-0.153061,0.153061,0,-0.00697357,-0.0114322,-0.00174575,-0.0556282,-0.112163,12.5138,0.74
9.35036,0,0,1,-0.421097,-0.252906,0.883673,3,3,3.31434,0.0588597,-0.0827861,0.356698,-0.153061,0.153061,0,-0.0251285,-0.0236482,-0.00166494,-0.115271,-0.295632,15.6782,0.74
9.40039,0,0,1,-0.418708,-0.251504,0.897626,3,3,3.29867,0.073332,-0.067125,0.543239,-0.153061,0.153061,0,-0.0726051,-0.0665037,-0.00200275,-0.330455,-0.21528,15.4191,0.74
9.45041,0,0,1,-0.41112,-0.245196,0.946018,3,3,3.23122,0.133425,0.00464942,0.911146,-0.153061,0.153061,0,-0.094515,-0.089427,-0.0027369,-0.341408,-0.280268,15.139,0.663198
9.5004,0,0,1,-0.405331,-0.238991,0.980086,3,3,3.18516,0.173778,0.0483505,1.08554,-0.153061,0.153061,-0.0540017,-0.118836,-0.117053,-0.00408751,-0.415828,-0.329845,14.9563,0.738542
9.55039,0,0,1,-0.39057,-0.223074,1.05801,3,3,3.07313,0.259352,0.136795,1.38425,-0.153061,0.153061,-0.0649393,-0.12969,-0.129945,-0.0046064,-0.374518,-0.512662,14.5242,0.582578
9.60043,0,0,1,-0.379927,-0.212759,1.10948,3,3,3.00066,0.304953,0.181946,1.48806,-0.153061,0.153061,-0.0690926,-0.138465,-0.140999,-0.00515879,-0.561229,-0.548768,14.1015,0.674248
9.65043,0,0,1,-0.35796,-0.189268,1.21081,3,3,2.85314,0.391424,0.263049,1.70972,-0.153061,0.153061,-0.072884,-0.1406,-0.145802,-0.00650185,-0.573213,-0.623684,11.8602,0.522936
9.70043,0,0,1,-0.343235,-0.173655,1.27337,3,3,2.76362,0.42381,0.293779,1.7303,-0.153061,0.153061,-0.0745664,-0.141028,-0.150223,-0.0104558,-0.707487,-0.676123,11.6499,0.636458
9.75041,0,0,1,-0.313524,-0.145286,1.38963,3,3,2.59325,0.4867,0.350177,1.81559,-0.153061,0.153061,-0.0761932,-0.14087,-0.151917,-0.0141857,-0.678514,-0.733589,10.4057,0.525687
9.80038,0,0,1,-0.299485,-0.132106,1.44017,3,3,2.52133,0.506749,0.367479,1.78597,-0.153061,0.153061,-0.0766873,-0.140345,-0.152645,-0.0180099,-0.702118,-0.66452,9.07409,0.626408
9.85039,0,0,1,-0.284249,-0.11898,1.49261,3,3,2.44644,0.530885,0.386843,1.80218,-0.153061,0.153061,-0.076809,-0.139694,-0.15243,-0.0240499,-0.745139,-0.808672,8.9407,0.588701
9.90044,0,0,1,-0.253138,-0.0862706,1.59865,3,3,2.29088,0.571259,0.422995,1.77755,-0.153061,0.153061,-0.0768142,-0.139704,-0.152196,-0.0282359,-0.810046,-0.799814,9.94808,0.549454
9.95041,0,0,1,-0.2368,-0.0699783,1.65086,3,3,2.21595,0.591268,0.439776,1.79205,-0.153061,0.153061,-0.0767598,-0.140237,-0.151504,-0.0328563,-0.808813,-0.77614,10.1222,0.556903
10.0004,0,0,1,-0.197469,-0.0335094,1.76942,3,3,2.04119,0.628738,0.469949,1.77414,-0.153061,0.153061,-0.0761809,-0.140934,-0.150104,-0.0398945,-0.820783,-0.812453,8.811,0.499883
10.0504,0,0,1,-0.176212,-0.0132509,1.82931,3,3,1.95428,0.642195,0.481698,1.73109,-0.153061,0.153061,-0.0759647,-0.141557,-0.149117,-0.0448321,-0.859559,-0.95013,8.42492,0.54985
10.1004,0,0,1,-0.132106,0.0306165,1.94571,3,3,1.78232,0.665921,0.503405,1.63131,-0.153061,0.153061,-0.0754431,-0.142661,-0.147803,-0.051241,-0.819838,-0.925764,7.78753,0.524955
10.1504,0,0,1,-0.111742,0.0499173,1.99545,3,3,1.71021,0.674396,0.510204,1.56012,-0.153061,0.153061,-0.0754226,-0.143458,-0.147197,-0.0550251,-0.731341,-0.818803,7.68501,0.560517
10.2004,0,0,1,-0.0673952,0.0901183,2.09538,3,3,1.56257,0.692737,0.523756,1.45369,-0.153061,0.153061,-0.0751538,-0.144591,-0.146523,-0.0606081,-0.86293,-1.00216,7.95933,0.534251
10.2504,0,0,1,-0.0431328,0.11353,2.14576,3,3,1.48914,0.699623,0.530854,1.39016,-0.153061,0.153061,-0.0751219,-0.145342,-0.145925,-0.0636914,-0.96725,-1.00833,8.07215,0.548462
10.3004,0,0,1,-0.0185259,0.137454,2.19427,3,3,1.41839,0.709881,0.539487,1.34546,-0.153061,0.153061,-0.074956,-0.14586,-0.145629,-0.0660838,-0.956379,-1.04404,8.67003,0.536514
10.3504,0,0,1,0.0277893,0.181516,2.2797,3,3,1.29205,0.728204,0.555599,1.25208,-0.153061,0.153061,-0.0747287,-0.146712,-0.144704,-0.069594,-0.965052,-1.09661,8.25766,0.528137
10.4004,0,0,1,0.0529297,0.205297,2.32309,3,3,1.22866,0.735849,0.562762,1.20713,-0.153061,0.153061,-0.0744886,-0.147223,-0.144322,-0.0716881,-1.05722,-1.05008,8.38882,0.532641
10.4504,0,0,1,0.10327,0.251969,2.40321,3,3,1.10996,0.751002,0.577378,1.10486,-0.153061,0.153061,-0.0743753,-0.147207,-0.143733,-0.073787,-0.994642,-0.972279,7.98875,0.53119
10.5004,0,0,1,0.128569,0.277538,2.4399,3,3,1.05633,0.756073,0.584423,1.04797,-0.153061,0.153061,-0.0742957,-0.147332,-0.14386,-0.0751259,-0.890971,-1.12691,7.9279,0.541522
10.5504,0,0,1,0.182571,0.327329,2.51161,3,3,0.949992,0.767671,0.594778,0.933231,-0.153061,0.153061,-0.0742899,-0.14755,-0.143523,-0.0765675,-0.997039,-1.11817,8.04461,0.545358
10.6004,0,0,1,0.208126,0.350517,2.54261,3,3,0.904631,0.771985,0.60048,0.87952,-0.153061,0.153061,-0.0742302,-0.147825,-0.143434,-0.0770789,-1.09358,-1.07354,8.38372,0.546597
10.6504,0,0,1,0.26059,0.400628,2.60146,3,3,0.81735,0.782615,0.61041,0.789924,-0.153061,0.153061,-0.0743424,-0.147736,-0.143599,-0.0775685,-1.08002,-1.09345,8.37454,0.543945
10.7004,0,0,1,0.288392,0.426719,2.62975,3,3,0.775843,0.787622,0.61506,0.745373,-0.153061,0.153061,-0.0742368,-0.147743,-0.143292,-0.0781062,-1.08134,-1.14262,8.3137,0.544779
10.7504,0,0,1,0.288392,0.426719,2.62975,3,3,0.776768,0.787622,0.61506,0.745373,-0.153061,0.153061,-0.0742368,-0.147743,-0.143292,-0.0781062,-1.08134,-1.14262,8.3137,0.543875
10.8003,0,0,1,0.288392,0.426719,2.62975,3,3,0.777693,0.787622,0.61506,0.745373,-0.153061,0.153061,-0.0742368,-0.147743,-0.143292,-0.0781062,-1.08134,-1.14262,8.3137,0.54403
10.8503,0,0,1,0.288392,0.426719,2.62975,3,3,0.778618,0.787622,0.61506,0.745373,-0.153061,0.153061,-0.0742368,-0.147743,-0.143292,-0.0781062,-1.08134,-1.14262,8.3137,0.544185
10.9003,0,0,1,0.288392,0.426719,2.62975,3,3,0.779543,0.787622,0.61506,0.745373,-0.153061,0.153061,-0.0742368,-0.147743,-0.143292,-0.0781062,-1.08134,-1.14262,8.3137,0.544341
10.9503,0,0,1,0.288392,0.426719,2.62975,3,3,0.780469,0.787622,0.61506,0.745373,-0.153061,0.153061,-0.0742368,-0.147743,-0.143292,-0.0781062,-1.08134,-1.14262,8.3137,0.544498
11.0003,0,0,1,0.288392,0.426719,2.62975,3,3,0.781395,0.787622,0.61506,0.745373,-0.153061,0.153061,-0.0742368,-0.147743,-0.143292,-0.0781062,-1.08134,-1.14262,8.3137,0.544654
11.0503,0,0,1,0.288392,0.426719,2.62975,3,3,0.78232,0.787622,0.61506,0.745373,-0.153061,0.153061,-0.0742368,-0.147743,-0.143292,-0.0781062,-1.08134,-1.14262,8.3137,0.544812
