3.15078,0,0,1,-0.0255755,0.157643,0.0734509,0.0385968,-0.237413,-0.0883718,9.03093e-05,-0.00119065,-0.00163536,0.0476006,0.0222702,-1.14034,0.0308563,0.0379879,-1.09878,0.485619
3.20078,0,0,1,-0.025714,0.157656,0.0735804,0.0387397,-0.237946,-0.0882226,8.47743e-05,0.00204574,0.0105797,0.0548495,0.00820971,-1.14034,0.0308563,0.0379879,-1.09878,0.476948
3.25078,0,0,1,-0.025874,0.157657,0.0731727,0.0394243,-0.238875,-0.0886466,-0.00400057,3.99378e-06,-0.0101949,0.0478907,0.0167729,-1.14034,0.0308888,0.0379741,-1.09744,0.488586
3.30079,0,0,1,-0.0258235,0.157642,0.073238,0.0399015,-0.239638,-0.0876932,-0.00235922,-0.00372503,0.000484057,0.0448798,0.00689057,-1.14034,0.0308888,0.0379741,-1.09744,0.478618
3.35079,0,0,1,-0.0255575,0.157675,0.0734087,0.0395986,-0.240375,-0.0883178,0.00665159,0.00083667,0.00426896,0.0580122,-0.00828314,-1.14034,0.0308888,0.0379741,-1.09744,0.47977
3.40078,0,0,1,-0.0255835,0.157652,0.0734201,0.0389599,-0.24131,-0.0887016,0.0021019,-0.00117485,0.00184471,0.0489305,0.0141453,-1.14034,0.0308888,0.0379741,-1.09744,0.481876
3.45079,0,0,1,-0.0258572,0.157648,0.0734685,0.0397751,-0.24195,-0.0886292,-0.0068421,-0.000112356,0.00121107,0.0534959,0.0257287,-1.14034,0.0309462,0.0379616,-1.09547,0.481521
3.50078,0,0,1,-0.0256784,0.157661,0.0731821,0.0408749,-0.242769,-0.0887979,-0.0038378,-0.0005115,-0.00925488,0.0519949,0.00634569,-1.14034,0.0309462,0.0379616,-1.09547,0.485357
3.55079,0,0,1,-0.0256946,0.157659,0.0733464,0.0398946,-0.243614,-0.0881925,-0.000403393,-6.51783e-05,0.00410924,0.0537528,0.00138883,-1.14034,0.0309462,0.0379616,-1.09547,0.477205
3.60078,0,0,1,-0.0258751,0.157691,0.0731307,0.0405011,-0.244366,-0.0889139,-0.0114593,0.00120411,-0.0107898,0.0554584,0.0300717,-1.14034,0.0309462,0.0379616,-1.09547,0.486613
3.65079,0,0,1,-0.0258105,0.157648,0.0731792,0.0412948,-0.245274,-0.0883481,0.00161579,-0.00109698,0.00121261,0.050546,-0.0114872,-1.14034,0.0309292,0.0379662,-1.09324,0.47782
3.70079,0,0,1,-0.025508,0.157593,0.0733782,0.0409011,-0.245843,-0.0887437,0.00852767,-0.00269579,-0.00765938,0.051103,-0.00482248,-1.14034,0.0309292,0.0379662,-1.09324,0.484579
3.7508,0,0,1,-0.0256173,0.157646,0.0733572,0.0401633,-0.246528,-0.0892063,-0.00273215,0.00131531,-0.000526915,0.0604921,0.026472,-1.14034,0.0309292,0.0379662,-1.09324,0.479014
3.80079,0,0,1,-0.0257984,0.157638,0.0731719,0.0413427,-0.247609,-0.0890343,-0.00635458,-0.000811853,-0.00832942,0.0523296,0.0181655,-1.14034,0.0309292,0.0379662,-1.09324,0.484422
3.85081,0,0,1,-0.0255779,0.157587,0.0733711,0.0419512,-0.248267,-0.0887212,0.00551292,-0.00128784,0.00498087,0.054372,-0.0103089,-1.14034,0.0309436,0.0380167,-1.09167,0.476874
3.90081,0,0,1,-0.0257965,0.157632,0.0731802,0.0410092,-0.248889,-0.089418,-0.00751618,-0.000364878,-0.00958333,0.0568893,0.0303165,-1.14034,0.0309436,0.0380167,-1.09167,0.486229
3.95081,0,0,1,-0.02555,0.157636,0.0734294,0.0424091,-0.24994,-0.0888719,0.00616382,0.000102345,0.00622945,0.0574147,-0.0119386,-1.14034,0.0309436,0.0380167,-1.09167,0.476014
4.00081,0,0,1,-0.0255401,0.157664,0.0734398,0.0413005,-0.250651,-0.0896844,0.00189173,-7.37591e-05,0.00127414,0.0563764,0.0139617,-1.14034,0.0309174,0.0380958,-1.09067,0.482208
4.05079,0,0,1,-0.0255603,0.157635,0.0734534,0.0419506,-0.251527,-0.0895316,-0.000505087,-0.00072288,0.000340188,0.0562371,0.0144393,-1.14034,0.0309174,0.0380958,-1.09067,0.481372
4.10079,0,0,1,-0.0255734,0.157634,0.0734367,0.0422327,-0.252159,-0.0896246,-0.00412075,-0.00347914,-0.00465956,0.0526997,0.0166684,-1.14034,0.0309174,0.0380958,-1.09067,0.482963
4.15078,0,0,1,-0.0257646,0.157653,0.0731732,0.0424298,-0.253002,-0.0896477,-0.00477882,0.000470075,-0.00658798,0.0638175,0.0119242,-1.14034,0.0309174,0.0380958,-1.09067,0.482223
4.2008,0,0,1,-0.0255509,0.157637,0.073421,0.0432658,-0.253858,-0.089158,-0.000475346,-0.0010031,-0.00069205,0.0562214,0.00420628,-1.14034,0.0309386,0.0382305,-1.08952,0.479494
4.25078,0,0,1,-0.0256146,0.157691,0.0734476,0.0423272,-0.254554,-0.0900401,-0.00159214,0.00134271,0.000663238,0.0623317,0.0102371,-1.14034,0.0309386,0.0382305,-1.08952,0.480209
4.30081,0,0,1,-0.0258558,0.157656,0.0731836,0.0431698,-0.255562,-0.089924,-0.00591242,0.000249311,-0.0137313,0.0581061,0.0194732,-1.14034,0.0309386,0.0382305,-1.08952,0.48659
4.3508,0,0,1,-0.0258201,0.157659,0.0732093,0.0440808,-0.256121,-0.0893898,0.000893652,7.96145e-05,0.000642575,0.0591263,0.000264008,-1.14034,0.0309386,0.0382305,-1.08952,0.47675
4.40081,0,0,1,-0.0254974,0.157614,0.0737111,0.0436668,-0.25699,-0.0897836,0.00555863,0.000520536,0.015349,0.0609698,0.000602272,-1.14034,0.0313295,0.0384622,-1.08808,0.474912
4.45079,0,0,1,-0.0252464,0.157694,0.0737878,0.0428001,-0.257612,-0.0909357,0.00627601,0.00201126,0.00191838,0.062814,0.00602013,-1.14034,0.0313295,0.0384622,-1.08808,0.484269
4.50077,0,0,1,-0.0265675,0.157962,0.0746693,0.0427559,-0.258773,-0.0906764,-0.0301264,0.00569704,0.0366366,0.0679815,0.0754926,-1.14034,0.0313295,0.0384622,-1.08808,0.466936
4.55078,0,0,1,-0.0284886,0.157951,0.0776092,0.0480806,-0.260339,-0.0926133,-0.048027,-0.000270284,0.0734977,0.0541354,0.0588484,-1.14034,0.0313295,0.0384622,-1.08808,0.461916
4.60081,0,0,1,-0.0338885,0.158478,0.0816838,0.0523744,-0.260556,-0.0982757,-0.101123,-0.000161322,0.0947848,0.061219,0.126449,-1.14034,0.0355404,0.0184621,-1.11102,0.462864
4.65078,0,0,1,-0.0387203,0.158812,0.0855585,0.0676948,-0.263214,-0.104386,-0.120796,0.00834732,0.0968674,0.0792703,0.0973076,-1.14034,0.0355404,0.0184621,-1.11102,0.467656
4.70077,0,0,1,-0.0456966,0.159127,0.0923044,0.0740922,-0.264122,-0.108919,-0.123073,0.00904291,0.124078,0.0662078,0.05628,-1.14034,0.0355404,0.0184621,-1.11102,0.457516
4.75079,0,0,1,-0.0514757,0.159244,0.0960466,0.0891799,-0.265354,-0.119974,-0.144479,0.0029175,0.0935552,0.0562021,0.109354,-1.14034,0.0355404,0.0184621,-1.11102,0.474675
4.80082,0,0,1,-0.0590886,0.159048,0.100431,0.0958421,-0.265928,-0.121559,-0.131446,-0.011206,0.0638076,0.0413382,0.0383342,-1.14034,0.0439575,-0.0504925,-1.12711,0.479912
4.85078,0,0,1,-0.064381,0.158376,0.103625,0.111387,-0.265804,-0.127567,-0.132312,-0.0167908,0.0798633,0.0516125,0.0791405,-1.14034,0.0439575,-0.0504925,-1.12711,0.462695
4.90078,0,0,1,-0.0706291,0.157583,0.105317,0.115158,-0.264637,-0.130311,-0.0816617,-0.0187741,0.00575243,0.0548817,-0.0335781,-1.14034,0.0439575,-0.0504925,-1.12711,0.497475
4.95079,0,0,1,-0.0736982,0.156872,0.105916,0.126967,-0.263992,-0.130943,-0.0767279,-0.0177671,0.0149653,0.0602252,0.0557951,-1.08636,0.0439575,-0.0504925,-1.12711,0.47214
5.00081,0,0,1,-0.0764865,0.154285,0.108514,0.125767,-0.263876,-0.130675,-0.0224978,-0.043808,0.0390384,0.0172412,-0.0570501,-1.08431,0.048169,-0.119188,-1.13485,0.46565
5.05079,0,0,1,-0.0766403,0.152539,0.108059,0.129966,-0.257012,-0.135903,-0.00384483,-0.0436496,-0.0113836,0.0438596,0.00699175,-1.08968,0.048169,-0.119188,-1.13485,0.490614
5.1008,0,0,1,-0.0730315,0.148326,0.112732,0.1255,-0.25684,-0.132409,0.0745413,-0.0811605,0.0987146,-0.00789313,-0.121507,-1.08335,0.048169,-0.119188,-1.13485,0.434888
5.15078,0,0,1,-0.068811,0.145408,0.115741,0.113106,-0.246322,-0.143261,0.105512,-0.0729498,0.0752257,0.04234,-0.0659315,-1.08055,0.048169,-0.119188,-1.13485,0.471805
5.2008,0,0,1,-0.0592422,0.139485,0.121503,0.106075,-0.24527,-0.10782,0.169908,-0.109382,0.104836,-0.0153984,-0.126301,-1.08518,0.0624827,-0.146433,-1.13964,0.470261
5.25084,0,0,1,-0.0512311,0.135093,0.12411,0.0814814,-0.23108,-0.103853,0.200279,-0.10981,0.06518,0.0144011,-0.110747,-1.08794,0.0624827,-0.146433,-1.13964,0.48569
5.30082,0,0,1,-0.0350818,0.127413,0.126363,0.0729411,-0.228214,-0.096437,0.291851,-0.132463,0.0343093,-0.00631517,-0.205261,-1.14034,0.0624827,-0.146433,-1.13964,0.48771
5.35082,0,0,1,-0.0230543,0.121897,0.12727,0.0327136,-0.210761,-0.0913953,0.300689,-0.137889,0.0226823,-0.00712047,-0.132124,-1.14034,0.0567801,-0.157103,-1.12143,0.482774
5.40079,0,0,1,-0.00193846,0.11345,0.126036,0.0230748,-0.207419,-0.083738,0.367243,-0.140198,-0.0204848,0.0164012,-0.192382,-1.14034,0.0567801,-0.157103,-1.12143,0.497841
5.45078,0,0,1,0.0145044,0.106751,0.124433,-0.0267576,-0.189455,-0.0727116,0.411072,-0.16746,-0.0400869,-0.0493537,-0.24043,-1.14034,0.0567801,-0.157103,-1.12143,0.494678
5.50078,0,0,1,0.0409152,0.097046,0.121618,-0.0421779,-0.183441,-0.0630061,0.449793,-0.161231,-0.0487082,0.0156456,-0.187433,-1.14034,0.0567801,-0.157103,-1.12143,0.492724
5.55077,0,0,1,0.0603934,0.089921,0.120902,-0.102043,-0.163352,-0.0509937,0.486956,-0.178125,-0.0178816,-0.0450682,-0.277875,-1.14034,0.0426855,-0.097562,-1.11032,0.479784
5.60077,0,0,1,0.0916318,0.0795631,0.122284,-0.117839,-0.158278,-0.0448075,0.532242,-0.173454,0.0292976,0.00710096,-0.232289,-1.14034,0.0426855,-0.097562,-1.11032,0.469219
5.65077,0,0,1,0.112284,0.0727243,0.123494,-0.188907,-0.136672,-0.041129,0.516303,-0.17097,0.0302281,-0.0235785,-0.234545,-1.14034,0.0426855,-0.097562,-1.11032,0.482584
5.70077,0,0,1,0.145403,0.0621977,0.129523,-0.199554,-0.133816,-0.034968,0.563537,-0.174831,0.111745,-0.0072691,-0.251629,-1.14034,0.0426855,-0.097562,-1.11032,0.451957
5.75079,0,0,1,0.167147,0.0557719,0.133177,-0.275228,-0.110972,-0.0395852,0.543583,-0.160645,0.0913376,-0.0118564,-0.260265,-1.14034,0.0301519,-0.0550108,-1.108,0.480767
5.80077,0,0,1,0.200058,0.0457905,0.138902,-0.286396,-0.109797,-0.0341499,0.549259,-0.162441,0.107943,-0.00439631,-0.201139,-1.14034,0.0301519,-0.0550108,-1.108,0.471582
5.85077,0,0,1,0.221904,0.0394833,0.142655,-0.359581,-0.0879487,-0.0356506,0.546148,-0.157682,0.093828,-0.0281244,-0.303261,-1.14034,0.0301519,-0.0550108,-1.108,0.479886
5.90077,0,0,1,0.253206,0.0307101,0.144533,-0.371875,-0.0860357,-0.0307378,0.515016,-0.139718,0.0278087,0.0224379,-0.155157,-1.14034,0.0301519,-0.0550108,-1.108,0.504102
5.95079,0,0,1,0.273453,0.0251827,0.145076,-0.439621,-0.0681027,-0.023669,0.506168,-0.138184,0.0135617,-0.0273267,-0.295021,-1.14034,0.0113081,0.00289219,-1.10643,0.491233
6.00077,0,0,1,0.301667,0.0177258,0.145628,-0.449972,-0.0664179,-0.0155251,0.468266,-0.122885,-0.000988958,0.0182712,-0.149208,-1.14034,0.0113081,0.00289219,-1.10643,0.493804
6.05077,0,0,1,0.318925,0.0133489,0.144759,-0.510475,-0.0514659,-0.00873923,0.431446,-0.109423,-0.0217136,-0.00367814,-0.238672,-1.14034,0.0113081,0.00289219,-1.10643,0.497863
6.10079,0,0,1,0.341553,0.00760423,0.144947,-0.516822,-0.0511325,0.00118774,0.369047,-0.0956428,0.0144242,0.0203485,-0.0980017,-1.14034,0.00559548,0.0625384,-1.10576,0.479257
6.15078,0,0,1,0.35487,0.00460325,0.146211,-0.564098,-0.0398108,0.00738629,0.332908,-0.0750246,0.0316064,0.0162943,-0.210843,-1.14034,0.00559548,0.0625384,-1.10576,0.482771
6.20077,0,0,1,0.370156,0.000428593,0.147728,-0.568102,-0.0408214,0.0122704,0.242684,-0.0640252,0.0469352,0.0225983,-0.0350917,-1.14034,0.00559548,0.0625384,-1.10576,0.481932
6.25077,0,0,1,0.377811,-0.0015828,0.150564,-0.597743,-0.0322154,0.0176804,0.19136,-0.0502848,0.0709198,0.0138017,-0.136867,-1.14034,0.00559548,0.0625384,-1.10576,0.477716
6.30079,0,0,1,0.385905,-0.00371355,0.154131,-0.596789,-0.0335184,0.0204418,0.125543,-0.0322495,0.0705156,0.0380311,-0.0504037,-1.14034,0.00733768,0.0771099,-1.10662,0.484526
6.35078,0,0,1,0.38861,-0.00478027,0.156593,-0.612712,-0.030063,0.022924,0.0676281,-0.0266681,0.0615533,0.0138898,-0.0829367,-1.14034,0.00733768,0.0771099,-1.10662,0.488088
6.40077,0,0,1,0.389458,-0.00544202,0.159532,-0.608904,-0.0305673,0.0375,-0.00612225,-0.0113405,0.0436777,0.0367234,-0.00964417,-1.14034,0.00733768,0.0771099,-1.10662,0.497472
6.45077,0,0,1,0.388056,-0.0052566,0.16069,-0.60938,-0.0303577,0.0375,-0.0350546,0.0046356,0.0289488,0.0398807,-0.0846076,-1.14034,0.00733768,0.0771099,-1.10662,0.493556
6.50079,0,0,1,0.382632,-0.00465087,0.16249,-0.60569,-0.0323038,0.0375,-0.0941587,0.0159652,0.0212167,0.0390738,-0.0162873,-1.14034,0.0138223,0.0550258,-1.10724,0.492194
6.55078,0,0,1,0.376771,-0.00353311,0.162858,-0.59238,-0.0340301,0.0375,-0.146539,0.0279438,0.0091971,0.0425558,0.00143881,-1.14034,0.0138223,0.0550258,-1.10724,0.494631
6.60077,0,0,1,0.366314,-0.00164135,0.165278,-0.585535,-0.0367133,0.0531605,-0.181655,0.0311796,0.042662,0.0327096,-0.0291528,-1.14034,0.0138223,0.0550258,-1.10724,0.483993
6.65077,0,0,1,0.357983,-1.11884e-05,0.1669,-0.563409,-0.0410905,0.0557191,-0.208274,0.0407541,0.0405441,0.0471145,-0.00849864,-1.14034,0.0138223,0.0550258,-1.10724,0.491187
6.7008,0,0,1,0.343647,0.00272657,0.169064,-0.55786,-0.0430105,0.0620893,-0.245164,0.0479441,0.0391813,0.042142,-0.0104967,-1.14034,0.022574,0.0087425,-1.105,0.492843
6.75078,0,0,1,0.333465,0.00449926,0.171433,-0.5269,-0.04935,0.066479,-0.254533,0.0443172,0.059228,0.0336608,-0.00592367,-1.14034,0.022574,0.0087425,-1.105,0.484339
6.80077,0,0,1,0.317386,0.00770401,0.173539,-0.522447,-0.0500997,0.0709585,-0.26694,0.0575567,0.0329463,0.0527364,-0.0410837,-1.14034,0.022574,0.0087425,-1.105,0.5012
6.85078,0,0,1,0.305519,0.0094992,0.175144,-0.488921,-0.0578076,0.0762258,-0.296662,0.0448798,0.0401338,0.0247425,0.0473392,-1.14034,0.022574,0.0087425,-1.105,0.491221
6.90078,0,0,1,0.288121,0.0125098,0.178091,-0.481833,-0.0577301,0.0823381,-0.281626,0.0527042,0.0405648,0.0446002,-0.0707035,-1.14034,0.0339549,-0.0247851,-1.1027,0.494051
6.95077,0,0,1,0.275818,0.0146265,0.179132,-0.446827,-0.0647402,0.0850028,-0.307577,0.0529174,0.0260318,0.0454478,0.0541074,-1.14034,0.0339549,-0.0247851,-1.1027,0.499155
7.00078,0,0,1,0.257729,0.0170445,0.182307,-0.440639,-0.0661994,0.0932033,-0.302842,0.0407408,0.0626271,0.0177401,-0.0429019,-1.14034,0.0339549,-0.0247851,-1.1027,0.482788
7.05079,0,0,1,0.246009,0.0185847,0.184682,-0.403872,-0.0705139,0.0948093,-0.292995,0.0385038,0.0593839,0.0365519,0.0040505,-1.14034,0.0339549,-0.0247851,-1.1027,0.49323
7.10079,0,0,1,0.227632,0.0200456,0.187821,-0.400872,-0.0711618,0.100311,-0.311157,0.0130353,0.0557094,-0.00684932,-0.00111767,-1.14034,0.044721,-0.0521078,-1.10184,0.495411
7.15078,0,0,1,0.215624,0.0208119,0.190236,-0.361691,-0.073296,0.103338,-0.300218,0.0191554,0.0603644,0.0421779,0.0161529,-1.14034,0.044721,-0.0521078,-1.10184,0.492025
7.20078,0,0,1,0.198006,0.0212308,0.19302,-0.358034,-0.0731595,0.108724,-0.296321,0.000699999,0.0461316,0.000101973,-0.0304698,-1.14034,0.044721,-0.0521078,-1.10184,0.50028
7.25078,0,0,1,0.186411,0.0211076,0.193858,-0.32188,-0.0731992,0.112575,-0.289885,-0.00307891,0.0209567,0.0206321,0.0244737,-1.14034,0.050781,-0.0526333,-1.10034,0.505881
7.30078,0,0,1,0.169478,0.0206911,0.194054,-0.317926,-0.0720359,0.121085,-0.287355,-0.0103761,-0.00277563,0.0122227,-0.0214603,-1.14034,0.050781,-0.0526333,-1.10034,0.509941
7.35076,0,0,1,0.158415,0.0198892,0.194835,-0.283115,-0.0709275,0.129069,-0.276583,-0.0200481,0.0195338,0.0067568,0.0203726,-1.14034,0.050781,-0.0526333,-1.10034,0.494635
7.40077,0,0,1,0.141926,0.0186551,0.194414,-0.279462,-0.069054,0.135123,-0.275299,-0.0205147,-0.00744134,0.0183915,-0.0145404,-1.14034,0.050781,-0.0526333,-1.10034,0.512014
7.45077,0,0,1,0.131904,0.0177657,0.19497,-0.244933,-0.066431,0.144419,-0.250544,-0.0222335,0.0138796,0.0146894,-0.000444898,-1.14034,0.050781,-0.0526333,-1.10034,0.49739
7.50079,0,0,1,0.11707,0.0162504,0.196356,-0.243837,-0.0658765,0.150366,-0.249616,-0.0241832,0.021084,0.0168482,-0.0160918,-1.14034,0.0375384,-0.063314,-1.09772,0.500534
7.55076,0,0,1,0.107968,0.0152024,0.197511,-0.212813,-0.0624302,0.155472,-0.227545,-0.0261989,0.0288559,0.0115394,0.00010139,-1.14034,0.0375384,-0.063314,-1.09772,0.499889
7.60077,0,0,1,0.0947023,0.0135762,0.200504,-0.211454,-0.061871,0.161919,-0.223994,-0.02981,0.0552863,0.0125714,-0.0185367,-1.14034,0.0375384,-0.063314,-1.09772,0.492823
7.65079,0,0,1,0.0870591,0.012706,0.202731,-0.183948,-0.0583443,0.164092,-0.19108,-0.0217548,0.0556608,0.0259559,-0.0248814,-1.14034,0.0301249,-0.0751365,-1.09405,0.499555
7.70077,0,0,1,0.0758197,0.0113458,0.206516,-0.184362,-0.0586123,0.169801,-0.17972,-0.0265573,0.0631068,0.0121161,-0.0376924,-1.14034,0.0301249,-0.0751365,-1.09405,0.498356
7.75078,0,0,1,0.0690052,0.0107074,0.208468,-0.160888,-0.0556497,0.171311,-0.170363,-0.0159602,0.0488074,0.0311005,0.00747305,-1.14034,0.0301249,-0.0751365,-1.09405,0.505152
7.80077,0,0,1,0.0596581,0.00939741,0.21177,-0.16003,-0.0561888,0.178418,-0.153586,-0.0196606,0.0587653,0.0150708,-0.0448183,-1.14034,0.0301249,-0.0751365,-1.09405,0.499313
7.85079,0,0,1,0.0542473,0.00887295,0.213548,-0.1414,-0.0529289,0.180724,-0.13527,-0.0131117,0.0444645,0.0249962,-0.0182565,-1.14034,0.0280362,-0.0774044,-1.08944,0.506761
7.90077,0,0,1,0.0469112,0.00810031,0.216021,-0.141551,-0.0537561,0.18774,-0.126222,-0.0171927,0.0445592,0.0150223,-0.0356884,-1.14034,0.0280362,-0.0774044,-1.08944,0.504551
7.95078,0,0,1,0.0426605,0.00761494,0.218213,-0.127057,-0.0521421,0.191703,-0.106267,-0.0121344,0.0547821,0.0253357,-0.0307108,-1.14034,0.0280362,-0.0774044,-1.08944,0.500036
8.00078,0,0,1,0.0368009,0.00698072,0.220764,-0.127167,-0.0520261,0.196988,-0.0937604,-0.0113356,0.0414826,0.0215728,-0.0450076,-1.14034,0.0280362,-0.0774044,-1.08944,0.509294
8.05078,0,0,1,0.0335673,0.00665056,0.222899,-0.115438,-0.0508124,0.201201,-0.0808391,-0.00825402,0.0533789,0.0236898,-0.0266324,-1.14034,0.0274829,-0.0690838,-1.08393,0.50072
8.10081,0,0,1,0.0290763,0.00637717,0.226447,-0.116093,-0.0509586,0.206693,-0.0735012,-0.00521347,0.0590391,0.0262694,-0.0394034,-1.14034,0.0274829,-0.0690838,-1.08393,0.502995
8.15076,0,0,1,0.0264425,0.00619253,0.228963,-0.107049,-0.0506931,0.20867,-0.0658462,-0.00461607,0.0629098,0.0223082,-0.0238476,-1.14034,0.0274829,-0.0690838,-1.08393,0.502333
8.20077,0,0,1,0.02292,0.00623312,0.233475,-0.10702,-0.0506252,0.214325,-0.0583203,0.00106573,0.0718825,0.0310503,-0.0399355,-1.14034,0.0274829,-0.0690838,-1.08393,0.501627
8.25078,0,0,1,0.0209214,0.00603951,0.236878,-0.100131,-0.0511676,0.214564,-0.0499637,-0.0048402,0.0850751,0.014324,-0.0304444,-1.14034,0.0274829,-0.0690838,-1.08393,0.497539
8.30078,0,0,1,0.0182182,0.0061002,0.24189,-0.100337,-0.0504391,0.21924,-0.0395674,0.00296243,0.0795332,0.0335882,-0.0475834,-1.14034,0.0291452,-0.0590616,-1.08007,0.505495
8.35077,0,0,1,0.0164615,0.0060841,0.245489,-0.0950082,-0.0510692,0.219267,-0.0439184,-0.000402448,0.0899818,0.0190691,-0.0125451,-1.14034,0.0291452,-0.0590616,-1.08007,0.498346
8.40077,0,0,1,0.0141848,0.00590906,0.251415,-0.0943903,-0.0509219,0.224016,-0.0406428,-0.00587186,0.100025,0.0138522,-0.0332875,-1.14034,0.0291452,-0.0590616,-1.08007,0.499412
8.45078,0,0,1,0.0129874,0.00587554,0.255245,-0.0900423,-0.050371,0.222233,-0.0299353,-0.000837982,0.0957528,0.0292451,-0.040689,-1.14034,0.0291452,-0.0590616,-1.08007,0.502015
8.50077,0,0,1,0.0109325,0.00549557,0.260714,-0.0905013,-0.0506331,0.22739,-0.0244068,-0.00188812,0.0899306,0.0216046,-0.0413738,-1.14034,0.0291452,-0.0590616,-1.08007,0.50564
8.55077,0,0,1,0.00923503,0.00511913,0.264379,-0.0857864,-0.0493977,0.226848,-0.0424372,-0.00941098,0.0916303,0.00847207,0.0101364,-1.14034,0.0291452,-0.0590616,-1.08007,0.501494
8.60084,0,0,1,0.00677085,0.00450159,0.269628,-0.0840287,-0.0488667,0.23191,-0.0270543,-0.0193201,0.0774986,0.00398818,-0.0520549,-1.14034,0.0291452,-0.0590616,-1.08007,0.50978
8.65081,0,0,1,0.00549746,0.00395837,0.272831,-0.0788422,-0.0474789,0.231693,-0.0318345,-0.0135806,0.0800773,0.026027,-0.0115694,-1.14034,0.0291452,-0.0590616,-1.08007,0.502962
8.70084,0,0,1,0.00289359,0.00308746,0.277557,-0.0793602,-0.0468342,0.237557,-0.0478597,-0.0198145,0.0710194,0.00861107,0.000578518,-1.14034,0.0291452,-0.0590616,-1.08007,0.509733
8.7508,0,0,1,0.00114754,0.00258863,0.280742,-0.0728082,-0.0448854,0.238032,-0.0436511,-0.0124707,0.0796204,0.0272784,-0.0204417,-1.14034,0.0291452,-0.0590616,-1.08007,0.502088
8.8008,0,0,1,-0.00165901,0.00144589,0.285499,-0.0719184,-0.0448959,0.243419,-0.0421913,-0.0173095,0.0772125,0.0117094,-0.0253482,-1.14034,0.0291452,-0.0590616,-1.08007,0.507649
8.8508,0,0,1,-0.00394983,0.000619361,0.288688,-0.0655748,-0.0419011,0.24381,-0.0572706,-0.0206632,0.079726,0.00826328,0.0149232,-1.14034,0.0350734,-0.0490404,-1.07669,0.504512
8.90084,0,0,1,-0.00681288,-0.000506903,0.2939,-0.0631448,-0.0412985,0.249222,-0.0526288,-0.0185277,0.0853144,0.0198568,-0.0241241,-1.14034,0.0350734,-0.0490404,-1.07669,0.505121
8.9508,0,0,1,-0.00900578,-0.00139894,0.296895,-0.0576459,-0.0390037,0.248624,-0.0548225,-0.0223009,0.07487,0.00777227,-0.00637968,-1.14034,0.0350734,-0.0490404,-1.07669,0.509109
9.00085,0,0,1,-0.0121702,-0.00292502,0.301473,-0.0556382,-0.0381307,0.254921,-0.0557661,-0.0291802,0.0710516,0.00381107,-0.013533,-1.14034,0.0350734,-0.0490404,-1.07669,0.510191
9.05081,0,0,1,-0.0142018,-0.00402537,0.304335,-0.0488467,-0.0345541,0.255528,-0.0507911,-0.0275088,0.0715659,0.0117686,-0.0150056,-1.14034,0.0350734,-0.0490404,-1.07669,0.507242
9.10081,0,0,1,-0.0173963,-0.00565083,0.309159,-0.0479646,-0.0337379,0.26149,-0.0488165,-0.0300325,0.0793398,0.00904418,-0.0199799,-1.14034,0.0350734,-0.0490404,-1.07669,0.506544
9.15081,0,0,1,-0.019635,-0.00694532,0.312519,-0.040717,-0.0302214,0.261425,-0.0559673,-0.0323621,0.0839849,0.00426861,0.00826454,-1.19058,0.0350734,-0.0490404,-1.07669,0.505271
9.20085,0,0,1,-0.0224363,-0.00874603,0.318293,-0.0391266,-0.0289089,0.266543,-0.0508797,-0.030383,0.0983493,0.0137061,-0.0216488,-1.14034,0.0350734,-0.0490404,-1.07669,0.503077
9.25081,0,0,1,-0.0240579,-0.0101592,0.322436,-0.033623,-0.0251466,0.264891,-0.0405416,-0.0353303,0.103581,-0.00148575,-0.024823,-1.19183,0.0350734,-0.0490404,-1.07669,0.503167
9.30081,0,0,1,-0.0263843,-0.0119357,0.329125,-0.033374,-0.0237539,0.269239,-0.0408544,-0.032,0.105655,0.0141216,-0.015884,-1.14034,0.0340275,-0.0382227,-1.07392,0.506174
9.35081,0,0,1,-0.0279452,-0.0133018,0.334124,-0.0282765,-0.0203027,0.266356,-0.0390213,-0.0341541,0.124977,0.00218729,-0.0107938,-1.19115,0.0340275,-0.0382227,-1.07392,0.496755
9.40083,0,0,1,-0.0297913,-0.0152248,0.341297,-0.0272585,-0.0190091,0.269738,-0.0268599,-0.0299232,0.123608,0.014978,-0.0365838,-1.19076,0.0340275,-0.0382227,-1.07392,0.50533
9.45084,0,0,1,-0.0308551,-0.0165545,0.346102,-0.023695,-0.0149348,0.266646,-0.0265934,-0.0332411,0.120123,-0.00130014,-0.0123417,-1.14034,0.0340275,-0.0382227,-1.07392,0.504097
9.50086,0,0,1,-0.0323521,-0.0185995,0.353168,-0.0234321,-0.0140437,0.270939,-0.0273306,-0.0330575,0.118856,0.00808227,-0.0158822,-1.1911,0.0340275,-0.0382227,-1.07392,0.506213
9.55084,0,0,1,-0.0330691,-0.0200139,0.358001,-0.0200759,0,0.267891,-0.0179247,-0.0353612,0.120826,-0.0176417,-0.0286324,-1.19145,0.0340275,-0.0382227,-1.07392,0.5026
9.60085,0,0,1,-0.0337124,-0.022073,0.365447,-0.0203139,0,0.272016,-0.00466881,-0.0295743,0.127469,0.0151356,-0.0435446,-1.14034,0.0340275,-0.0382227,-1.07392,0.503147
9.65083,0,0,1,-0.0342851,-0.0237335,0.370145,-0.0192424,0,0.268158,-0.0143189,-0.0415133,0.117451,-0.0126724,-0.00182432,-1.14034,0.0340275,-0.0382227,-1.07392,0.506374
9.70086,0,0,1,-0.0341377,-0.0258945,0.37722,-0.0182684,0,0.272961,0.00139925,-0.0381616,0.105577,0.00982284,-0.0464248,-1.14034,0.0340275,-0.0382227,-1.07392,0.511151
9.75082,0,0,1,-0.03449,-0.0274358,0.381649,-0.0196736,0,0.269785,-0.00880709,-0.0385311,0.110727,0.00439459,-0.00620258,-1.14034,0.0340275,-0.0382227,-1.07392,0.502901
9.80081,0,0,1,-0.0340581,-0.0298063,0.386923,-0.0178867,0,0.274811,0.00824787,-0.039775,0.0878744,0.00285102,-0.0486595,-1.14034,0.0340275,-0.0382227,-1.07392,0.516461
9.85081,0,0,1,-0.0338163,-0.0314187,0.389811,-0.0198479,0,0.275331,0.00604373,-0.0403089,0.0721999,0.0037155,-0.0233051,-1.14034,0.0340275,-0.0382227,-1.07392,0.514543
9.90082,0,0,1,-0.0333173,-0.0339205,0.393454,-0.0195763,0,0.281948,0.0122726,-0.0418503,0.0614752,0.00191954,-0.0346739,-1.14034,0.0340275,-0.0382227,-1.07392,0.516589
9.95081,0,0,1,-0.0331661,-0.03564,0.395927,-0.0205896,0.0155154,0.284522,0.0037794,-0.0429874,0.0618136,-0.0231289,-0.011235,-1.14034,0.0340275,-0.0382227,-1.07392,0.512326
10.0008,0,0,1,-0.0324984,-0.0380548,0.399481,-0.0198717,0.0167064,0.290428,0.00977001,-0.0409457,0.0623936,0.00199252,-0.03316,-1.14034,0.0340275,-0.0382227,-1.07392,0.513816
10.0508,0,0,1,-0.0320506,-0.0397977,0.401991,-0.0216632,0.0219117,0.292791,0.0111942,-0.0435726,0.0627719,-0.0120785,-0.0304955,-1.14034,0.0340275,-0.0382227,-1.07392,0.51306
10.1008,0,0,1,-0.0320414,-0.0424435,0.405576,-0.0216544,0.0233806,0.298531,-0.00506562,-0.0467199,0.0506999,-0.00849663,0.00462275,-1.14034,0.0340275,-0.0382227,-1.07392,0.519563
10.1508,0,0,1,-0.0321772,-0.0443144,0.408093,-0.0205509,0.0293678,0.30087,-0.00339639,-0.0467721,0.062924,-0.0118406,-0.022998,-1.14034,0.0340275,-0.0382227,-1.07392,0.510373
10.2008,0,0,1,-0.0322985,-0.047131,0.411688,-0.0198155,0.0308438,0.306632,-0.00415177,-0.0454059,0.062889,-0.00346843,-0.019353,-1.14034,0.0340275,-0.0382227,-1.07392,0.515689
10.2508,0,0,1,-0.0327173,-0.0491701,0.41374,-0.0194203,0.0371966,0.308961,-0.0104686,-0.0509774,0.0512952,-0.0228685,-0.0094677,-1.14034,0.0340275,-0.0382227,-1.07392,0.519514
10.3008,0,0,1,-0.0337303,-0.0522877,0.416976,-0.0179519,0.0389471,0.315766,-0.0157093,-0.0543583,0.0497685,-0.0143091,-0.00810309,-1.14034,0.0340275,-0.0382227,-1.07392,0.518696
10.3508,0,0,1,-0.0346189,-0.0544025,0.418948,-0.0149908,0.0460423,0.318424,-0.0222167,-0.0528696,0.0492888,-0.0162332,-0.00165762,-1.14034,0.0340275,-0.0382227,-1.07392,0.517502
10.4008,0,0,1,-0.0365458,-0.0578507,0.421917,-0.0136481,0.0474772,0.325051,-0.0305639,-0.0572221,0.0494299,-0.0177728,0.000685682,-1.14034,0.0340275,-0.0382227,-1.07392,0.51919
10.4508,0,0,1,-0.0379099,-0.0602705,0.423694,0,0.0556107,0.328228,-0.0341011,-0.0604945,0.0444066,-0.0282564,0.0164855,-1.14034,0.0340275,-0.0382227,-1.07392,0.520557
10.5008,0,0,1,-0.0406111,-0.0639358,0.427104,0,0.0574811,0.335026,-0.0441935,-0.0623881,0.0592962,-0.0182229,0.0069952,-1.14034,0.0340275,-0.0382227,-1.07392,0.51497
10.5508,0,0,1,-0.0428377,-0.0665215,0.430262,0,0.0657941,0.337043,-0.0556626,-0.0646416,0.0789355,-0.0302376,0.0116524,-1.14034,0.0340275,-0.0382227,-1.07392,0.510498
10.6008,0,0,1,-0.0463044,-0.0704342,0.435851,0,0.0678437,0.341251,-0.059175,-0.0633698,0.0962282,-0.0165407,-0.000567243,-1.14034,0.0340275,-0.0382227,-1.07392,0.510679
10.6508,0,0,1,-0.0490477,-0.0731462,0.440387,0.0105674,0.0767166,0.339858,-0.0685807,-0.0678,0.113411,-0.0372915,0.0304553,-1.14034,0.0340275,-0.0382227,-1.07392,0.507325
10.7008,0,0,1,-0.0535067,-0.0771986,0.448093,0.0136039,0.07875,0.343214,-0.0785569,-0.0696069,0.131001,-0.0247123,0.0218462,-1.14034,0.0340275,-0.0382227,-1.07392,0.507328
10.7508,0,0,1,-0.0564556,-0.0798952,0.453929,0.0241285,0.0878983,0.338543,-0.0737214,-0.0674135,0.145902,-0.0307429,0.0111557,-1.14034,0.0340275,-0.0382227,-1.07392,0.503913
10.8008,0,0,1,-0.0613037,-0.0838013,0.46319,0.0259515,0.0896279,0.341156,-0.0809387,-0.064288,0.157476,-0.0186832,0.0185762,-1.14034,0.0340275,-0.0382227,-1.07392,0.506293
10.8508,0,0,1,-0.0644499,-0.0863423,0.469904,0.0374885,0.0983303,0.334359,-0.0786529,-0.0635258,0.167864,-0.0338122,0.0209381,-1.14034,0.0340275,-0.0382227,-1.07392,0.502232
10.9009,0,0,1,-0.0692064,-0.0899583,0.480853,0.0392748,0.0998337,0.336593,-0.0798222,-0.0604874,0.187078,-0.0201226,0.0113705,-1.14034,0.0340275,-0.0382227,-1.07392,0.500726
10.9509,0,0,1,-0.0724613,-0.0922857,0.488569,0.0501578,0.107864,0.326957,-0.0813739,-0.058186,0.192891,-0.0318372,0.0295268,-1.14034,0.0346202,-0.0323858,-1.11237,0.499744
11.0008,0,0,1,-0.0770374,-0.0953574,0.500979,0.0525848,0.109242,0.328667,-0.0759817,-0.0505357,0.207544,-0.0135663,0.00390236,-1.14034,0.0346202,-0.0323858,-1.11237,0.499294
11.0508,0,0,1,-0.0799117,-0.0971662,0.509575,0.0626589,0.115808,0.316815,-0.071859,-0.0452209,0.214913,-0.0247405,0.0198125,-1.14034,0.0346202,-0.0323858,-1.11237,0.495617
11.1008,0,0,1,-0.0841392,-0.0994012,0.523522,0.0641706,0.116485,0.318038,-0.0632528,-0.0339698,0.234781,-0.0058425,-0.00280083,-1.14034,0.0346202,-0.0323858,-1.11237,0.494036
11.1508,0,0,1,-0.0867156,-0.10063,0.53297,0.073849,0.121186,0.303671,-0.0644107,-0.0307251,0.236184,-0.0234838,0.0288269,-1.14034,0.032611,-0.0273273,-1.11199,0.493418
11.2008,0,0,1,-0.0900441,-0.101926,0.547822,0.0750643,0.121522,0.304549,-0.0559074,-0.0183094,0.248151,-0.00181264,-0.00212421,-1.14034,0.032611,-0.0273273,-1.11199,0.493781
11.2508,0,0,1,-0.0920241,-0.102378,0.558489,0.082233,0.124107,0.289032,-0.0495008,-0.0113113,0.266666,-0.0120126,0.011315,-1.14034,0.032611,-0.0273273,-1.11199,0.483673
11.3008,0,0,1,-0.0948195,-0.102528,0.575096,0.0831948,0.123611,0.288124,-0.0433852,0.000884545,0.283901,0.00226674,0.00073976,-1.14034,0.032611,-0.0273273,-1.11199,0.48672
11.3508,0,0,1,-0.096232,-0.102128,0.587133,0.0897326,0.123742,0.269946,-0.0353104,0.00998355,0.300913,-0.00132591,0.00645291,-1.14034,0.032611,-0.0273273,-1.11199,0.478251
11.4008,0,0,1,-0.0978074,-0.100891,0.605533,0.0898068,0.122556,0.267761,-0.0208272,0.0240823,0.310394,0.0107137,-0.0173884,-1.14034,0.032611,-0.0273273,-1.11199,0.48419
11.4508,0,0,1,-0.0984981,-0.0996848,0.618134,0.0932317,0.119527,0.246981,-0.0172687,0.0301586,0.315029,0.00366667,0.00600179,-1.14034,0.032611,-0.0273273,-1.11199,0.477627
11.5008,0,0,1,-0.0993367,-0.0971343,0.637572,0.093234,0.118282,0.245345,-0.013505,0.0454258,0.32458,0.0175117,-0.00057413,-1.19277,0.032611,-0.0273273,-1.11199,0.480822
11.5508,0,0,1,-0.0993384,-0.0949921,0.650811,0.0955343,0.112249,0.222825,-4.1609e-05,0.0535544,0.330964,0.0170155,-0.0148541,-1.19328,0.032611,-0.0273273,-1.11199,0.472727
11.6008,0,0,1,-0.0987525,-0.0910221,0.670794,0.0946075,0.110332,0.220798,0.0168706,0.0698423,0.334642,0.0264406,-0.0292902,-1.19534,0.032611,-0.0273273,-1.11199,0.479121
11.6508,0,0,1,-0.0980295,-0.0878968,0.683969,0.0932916,0.101162,0.197687,0.0180748,0.0781327,0.329377,0.0289663,-0.00473863,-1.19591,0.032611,-0.0273273,-1.11199,0.473742
11.7008,0,0,1,-0.0963103,-0.0824219,0.704227,0.0926712,0.0986191,0.196337,0.0371647,0.0953316,0.33751,0.036198,-0.0367432,-1.19864,0.0224474,-0.0447242,-1.11266,0.475325
11.7508,0,0,1,-0.0947419,-0.0781925,0.71762,0.088819,0.0861098,0.172548,0.0392096,0.105734,0.334835,0.0454562,-0.0153695,-1.20128,0.0224474,-0.0447242,-1.11266,0.469784
11.8008,0,0,1,-0.0913818,-0.0710301,0.73775,0.0874829,0.0826587,0.170959,0.0608814,0.124178,0.334626,0.0484794,-0.0479462,-1.20363,0.0224474,-0.0447242,-1.11266,0.475536
11.8508,0,0,1,-0.0886062,-0.065756,0.751114,0.0795397,0.0663924,0.14765,0.0693906,0.131853,0.3341,0.0563888,-0.0406254,-1.20565,0.0224474,-0.0447242,-1.11266,0.4669
11.9008,0,0,1,-0.0836089,-0.0569557,0.771329,0.0772147,0.0625967,0.145974,0.0859102,0.151318,0.336666,0.0602283,-0.0483632,-1.20626,0.0224474,-0.0447242,-1.11266,0.472016
11.9508,0,0,1,-0.0798951,-0.0505664,0.784614,0.0659071,0.0426366,0.122444,0.0928435,0.159733,0.332113,0.0734317,-0.0511195,-1.20884,0.0224474,-0.0447242,-1.11266,0.465743
12.0008,0,0,1,-0.0731557,-0.0402117,0.803534,0.0634931,0.0381104,0.120986,0.113104,0.175289,0.309877,0.0658599,-0.063071,-1.20861,0.0224474,-0.0447242,-1.11266,0.479596
12.0508,0,0,1,-0.0682769,-0.03282,0.815288,0.0478825,0.014851,0.100199,0.121971,0.184791,0.293841,0.0908273,-0.0710768,-1.20971,0.0224474,-0.0447242,-1.11266,0.471434
12.1008,0,0,1,-0.0604413,-0.0211715,0.831945,0.0448043,0,0.100813,0.134288,0.196743,0.272352,0.0879603,-0.0594616,-1.21005,0.0224474,-0.0447242,-1.11266,0.481544
12.1508,0,0,1,-0.0547718,-0.0130417,0.842016,0.0275789,-0.0160344,0.0834517,0.141737,0.203244,0.25177,0.0867212,-0.0797947,-1.21009,0.0224474,-0.0447242,-1.11266,0.476147
12.2008,0,0,1,-0.0458663,-0.000283531,0.855943,0.0238329,-0.0211045,0.085493,0.15035,0.214058,0.228537,0.080669,-0.0623066,-1.21103,0.0224474,-0.0447242,-1.11266,0.485122
12.2508,0,0,1,-0.0397352,0.00852633,0.864129,0,-0.0495224,0.0724408,0.153278,0.220246,0.204638,0.114796,-0.0914776,-1.21091,0.0224474,-0.0447242,-1.11266,0.481799
12.3009,0,0,1,-0.0300949,0.0221955,0.874974,0,-0.0548557,0.0758897,0.165959,0.230307,0.172573,0.0907392,-0.0712058,-1.21157,0.0224474,-0.0447242,-1.11266,0.492538
12.3508,0,0,1,-0.023548,0.0314505,0.881065,-0.0202843,-0.0852306,0.0677285,0.163673,0.231373,0.152264,0.120465,-0.0837932,-1.2129,0.0224474,-0.0447242,-1.11266,0.486673
12.4009,0,0,1,-0.0130739,0.0456321,0.887661,-0.0237085,-0.0903957,0.0726978,0.172541,0.236067,0.093881,0.0919191,-0.0771377,-1.20741,0.0224474,-0.0447242,-1.11266,0.508026
12.4508,0,0,1,-0.00646174,0.0551006,0.890025,-0.0471939,-0.121775,0.0717956,0.165304,0.236711,0.0590945,0.130508,-0.0871553,-1.20378,0.0224474,-0.0447242,-1.11266,0.502428
12.5008,0,0,1,0.00375032,0.0692495,0.890293,-0.0493397,-0.126827,0.0807154,0.171126,0.235752,-0.0136334,0.0918044,-0.0754851,-1.19916,-0.000560882,-0.0678672,-1.10494,0.524544
12.5508,0,0,1,0.00992902,0.0785472,0.888503,-0.0718838,-0.157754,0.090016,0.154467,0.232442,-0.0447544,0.131449,-0.0735143,-1.19843,-0.000560882,-0.0678672,-1.10494,0.516043
12.6008,0,0,1,0.0192733,0.0922901,0.882638,-0.0731572,-0.162388,0.101759,0.158953,0.227083,-0.118635,0.0912013,-0.0747184,-1.19239,-0.000560882,-0.0678672,-1.10494,0.537793
12.6508,0,0,1,0.0248665,0.10111,0.876302,-0.0936446,-0.192347,0.120418,0.13983,0.220509,-0.158396,0.130834,-0.0680596,-1.14034,-0.000560882,-0.0678672,-1.10494,0.535245
12.7009,0,0,1,0.0326178,0.113696,0.864043,-0.0947151,-0.196232,0.136046,0.126488,0.206537,-0.21597,0.0813857,-0.043533,-1.14034,-0.000560882,-0.0678672,-1.10494,0.546712
12.7508,0,0,1,0.0371385,0.121617,0.854352,-0.110927,-0.223249,0.164289,0.113018,0.198022,-0.242272,0.12645,-0.0688237,-1.14034,-0.000560882,-0.0678672,-1.10494,0.54643
12.8009,0,0,1,0.0425368,0.13261,0.838552,-0.111499,-0.226365,0.180908,0.0897147,0.179175,-0.269551,0.0747465,-0.0228373,-1.14034,-0.000560882,-0.0678672,-1.10494,0.547487
12.8508,0,0,1,0.0454134,0.139245,0.828314,-0.12169,-0.249699,0.213633,0.0719145,0.165865,-0.25595,0.113997,-0.0461188,-1.14034,-0.000560882,-0.0678672,-1.10494,0.542008
12.9009,0,0,1,0.0482691,0.147802,0.814423,-0.121288,-0.251599,0.227956,0.0420489,0.134378,-0.224795,0.0517894,-0.00316784,-1.14034,-0.000560882,-0.0678672,-1.10494,0.529735
12.9508,0,0,1,0.049325,0.152624,0.805853,-0.125903,-0.269049,0.255971,0.0263982,0.120561,-0.214247,0.100355,-0.032407,-1.14034,-0.000560882,-0.0678672,-1.10494,0.541804
13.0009,0,0,1,0.0491537,0.158186,0.79445,-0.124249,-0.269547,0.268562,-0.0111768,0.0811625,-0.180384,0.0320658,0.021422,-1.14034,-0.000560882,-0.0678672,-1.10494,0.528274
13.0508,0,0,1,0.047735,0.160731,0.788354,-0.121907,-0.280187,0.29281,-0.0354671,0.0636091,-0.152404,0.0766261,0.00634134,-1.14034,-0.000560882,-0.0678672,-1.10494,0.533284
13.1008,0,0,1,0.0442222,0.162777,0.783678,-0.117646,-0.27875,0.302477,-0.0684955,0.0224847,-0.0508559,0.0174012,0.0311667,-1.14034,-0.000560882,-0.0678672,-1.10494,0.49823
13.1508,0,0,1,0.0409149,0.162847,0.783187,-0.108512,-0.281644,0.314398,-0.0826835,0.00175833,-0.0122798,0.0492954,0.01319,-1.14034,-0.000560882,-0.0678672,-1.10494,0.515312
13.2009,0,0,1,0.0350695,0.161483,0.785205,-0.104284,-0.27861,0.318503,-0.101373,-0.0300893,0.0497006,0.0181645,0.0171217,-1.19474,-0.000560882,-0.0678672,-1.10494,0.500546
13.2508,0,0,1,0.0305983,0.159532,0.788378,-0.0574333,-0.212485,0.288697,-0.111781,-0.0487719,0.0793423,-0.0705457,0.0851179,-1.1977,-0.000560882,-0.0678672,-1.10494,0.494428
13.3008,0,0,1,0.0232322,0.155159,0.795603,0.157405,0.441179,0.310421,-0.124359,-0.0785861,0.130284,-0.408163,0.408163,-1.20282,-0.000560882,-0.0678672,-1.10494,0.500797
13.3508,0,0,1,0.0180357,0.151394,0.802132,0.217442,0.227492,0.335561,-0.129914,-0.094115,0.163209,0.2342,0.159118,-1.20536,-0.000560882,-0.0678672,-1.10494,0.506524
13.4008,0,0,1,0.0102124,0.144777,0.814096,0.363694,0.353657,0.374446,-0.129013,-0.11583,0.211176,-0.290774,0.319119,-1.20998,-0.000560882,-0.0678672,-1.10494,0.505318
13.4508,0,0,1,0.00499707,0.139707,0.823808,0.541681,0.505627,0.407298,-0.130382,-0.126754,0.242797,-0.34646,0.408163,-1.21307,-0.000560882,-0.0678672,-1.10494,0.508567
13.5008,0,0,1,-0.00279988,0.1311,0.841242,0.716429,0.65519,0.455228,-0.125468,-0.14691,0.302859,-0.391486,0.408163,-1.21771,-0.00152746,-0.0717307,-1.09932,0.503445
13.5508,0,0,1,-0.00767181,0.124947,0.853758,0.910247,0.823708,0.486629,-0.121798,-0.153826,0.312893,-0.408163,0.408163,-1.21916,-0.00152746,-0.0717307,-1.09932,0.51557
13.6008,0,0,1,-0.0147744,0.115062,0.872131,1.08673,0.974412,0.537258,-0.117797,-0.169705,0.304846,-0.408163,0.408163,-1.22315,-0.00152746,-0.0717307,-1.09932,0.532382
13.6508,0,0,1,-0.0190807,0.107931,0.884263,1.26938,1.13637,0.568849,-0.107658,-0.178266,0.303293,-0.408163,0.408163,-1.2248,-0.00152746,-0.0717307,-1.09932,0.527946
13.7009,0,0,1,-0.0251241,0.0969095,0.902509,1.42455,1.26972,0.616911,-0.0928216,-0.188541,0.303151,-0.408163,0.408163,-1.2253,-0.00152746,-0.0717307,-1.09932,0.537113
13.7508,0,0,1,-0.0288351,0.089274,0.915043,1.57388,1.40723,0.640529,-0.0927734,-0.190887,0.313346,-0.408163,0.408163,-1.22716,-0.00152746,-0.0717307,-1.09932,0.52805
13.8009,0,0,1,-0.0338226,0.0775233,0.934638,1.68921,1.50605,0.676473,-0.0785211,-0.197407,0.332955,-0.408163,0.408163,-1.22864,0.0846714,-0.00400002,-1.12781,0.530553
13.8508,0,0,1,-0.0367699,0.0694522,0.948194,1.7893,1.60546,0.68373,-0.0736818,-0.201776,0.338919,-0.408163,0.408163,-1.23051,0.0658503,-0.030847,-1.11554,0.526253
13.9008,0,0,1,-0.0405319,0.0572084,0.969072,1.8527,1.66097,0.702902,-0.0590733,-0.203854,0.35113,-0.408163,0.408163,-1.23281,0.0658503,-0.030847,-1.11554,0.528703
13.9508,0,0,1,-0.0425007,0.0490855,0.983555,1.89566,1.71545,0.691016,-0.0492191,-0.203075,0.362063,-0.408163,0.408163,-1.23015,0.0658503,-0.030847,-1.11554,0.51768
14.0008,0,0,1,-0.0437857,0.037977,1.00205,1.90369,1.72445,0.691492,-0.00732633,-0.180444,0.299563,-0.370741,0.334358,-1.22977,0.0658503,-0.030847,-1.11554,0.549492
14.0508,0,0,1,-0.0441707,0.0308105,1.01524,1.88842,1.7317,0.668161,-0.00962412,-0.179162,0.329689,-0.401888,0.367737,-1.23435,0.0658503,-0.030847,-1.11554,0.509574
14.1008,0,0,1,-0.0420874,0.0225001,1.03045,1.85035,1.70163,0.652848,0.0438438,-0.12325,0.244177,-0.254767,0.222548,-1.24165,0.0658503,-0.030847,-1.11554,0.553459
14.1508,0,0,1,-0.0386937,0.018726,1.0424,1.78994,1.67054,0.621629,0.0848432,-0.0943546,0.298702,-0.281578,0.187599,-1.24429,0.0658503,-0.030847,-1.11554,0.498606
14.2009,0,0,1,-0.0290989,0.0171148,1.06197,1.72197,1.61479,0.595711,0.181891,-0.00358193,0.320607,-0.129933,0.0519371,-1.25147,0.0616175,-0.0476983,-1.10538,0.505518
14.2508,0,0,1,-0.0197172,0.0195179,1.07479,1.63655,1.56212,0.548734,0.234542,0.0600777,0.320491,-0.150468,0.0686988,-1.25556,0.0616175,-0.0476983,-1.10538,0.501384
14.3008,0,0,1,0.000329436,0.0290595,1.09725,1.57748,1.51085,0.526888,0.366172,0.188067,0.386225,-0.0255178,-0.0546873,-1.25897,0.0616175,-0.0476983,-1.10538,0.4809
14.3508,0,0,1,0.0180122,0.03969,1.11372,1.52699,1.4816,0.489994,0.44207,0.265764,0.411683,-0.108087,0.0254441,-1.2561,0.0616175,-0.0476983,-1.10538,0.482548
14.4009,0,0,1,0.0495879,0.0619905,1.13903,1.50402,1.4611,0.474463,0.547695,0.404604,0.429608,-0.00206872,-0.0031609,-1.24726,0.0476634,-0.0576772,-1.1005,0.488067
14.4508,0,0,1,0.0747344,0.0804943,1.15528,1.43592,1.40895,0.435566,0.628664,0.462594,0.406234,-0.0505297,-0.0665418,-1.23811,0.0476634,-0.0576772,-1.1005,0.491969
14.5008,0,0,1,0.11599,0.113732,1.17755,1.41805,1.39342,0.4255,0.688281,0.57765,0.367838,0.00430833,0.0354957,-1.22226,0.0408105,-0.0591038,-1.09776,0.507832
14.5508,0,0,1,0.146062,0.138757,1.19044,1.33061,1.31855,0.393085,0.751805,0.625613,0.322212,0.0175774,-0.114625,-1.21332,0.0408105,-0.0591038,-1.09776,0.504569
14.6008,0,0,1,0.194011,0.180639,1.20532,1.31421,1.3017,0.387295,0.814956,0.715645,0.233073,0.0161336,-0.0139046,-1.20103,0.0408105,-0.0591038,-1.09776,0.533578
14.6509,0,0,1,0.226726,0.210903,1.21387,1.21264,1.20932,0.367762,0.817881,0.756591,0.213879,0.080498,-0.0753961,-1.19313,-0.153878,-0.194898,-1.15035,0.508469
14.7008,0,0,1,0.27884,0.259927,1.22268,1.19974,1.19102,0.36409,0.878371,0.831389,0.126693,0.041845,-0.0394518,-1.14034,-0.153878,-0.194898,-1.15035,0.541633
14.7508,0,0,1,0.314353,0.294636,1.22747,1.08821,1.08369,0.35356,0.887812,0.867741,0.119826,0.143124,-0.141535,-1.14034,-0.117779,-0.126899,-1.17218,0.515176
14.8008,0,0,1,0.368572,0.349343,1.23295,1.07332,1.06381,0.352093,0.908965,0.925232,0.0700289,0.0639999,-0.0100487,-1.14034,-0.117779,-0.126899,-1.17218,0.535429
14.8508,0,0,1,0.405187,0.38757,1.23494,0.959252,0.944957,0.345084,0.915369,0.955676,0.0495694,0.197325,-0.172487,-1.14034,-0.117779,-0.126899,-1.17218,0.526324
14.9008,0,0,1,0.460676,0.446632,1.23848,0.944024,0.923664,0.346472,0.916478,0.992899,0.0607033,0.0795991,-0.00573907,-1.14034,-0.117779,-0.126899,-1.17218,0.51851
14.9508,0,0,1,0.497501,0.487158,1.24094,0.827064,0.796149,0.340915,0.920616,1.01317,0.0614801,0.237536,-0.201607,-1.14034,-0.117779,-0.126899,-1.17218,0.519001
15.0008,0,0,1,0.551881,0.54881,1.24638,0.812931,0.775001,0.33931,0.912312,1.03303,0.102164,0.0936034,-0.0146833,-1.14034,-0.117779,-0.126899,-1.17218,0.504257
15.0508,0,0,1,0.587301,0.590245,1.25158,0.699613,0.642534,0.330056,0.885493,1.03588,0.130039,0.256339,-0.164226,-1.14034,-0.117779,-0.126899,-1.17218,0.502328
15.1009,0,0,1,0.638877,0.651762,1.26231,0.687504,0.622871,0.3243,0.849168,1.0209,0.191121,0.0710918,0.021293,-1.14034,-0.117779,-0.126899,-1.17218,0.487103
15.1508,0,0,1,0.672406,0.69261,1.26947,0.580471,0.492101,0.306134,0.838228,1.0212,0.178897,0.279015,-0.195059,-1.14034,-0.117779,-0.126899,-1.17218,0.504834
15.2008,0,0,1,0.720167,0.752208,1.28153,0.568758,0.473742,0.301352,0.780255,0.983269,0.212391,0.0602539,0.0466538,-1.14034,-0.117779,-0.126899,-1.17218,0.491519
15.2508,0,0,1,0.750826,0.790844,1.28932,0.470752,0.348089,0.282175,0.766489,0.965895,0.194749,0.265635,-0.183916,-1.14034,-0.117779,-0.126899,-1.17218,0.502419
15.3008,0,0,1,0.793947,0.846843,1.30056,0.460839,0.333114,0.277318,0.697425,0.919045,0.201693,0.059508,0.0620181,-1.19403,-0.117779,-0.126899,-1.17218,0.498237
15.3508,0,0,1,0.821519,0.882328,1.30745,0.372728,0.215087,0.260587,0.689314,0.887103,0.172277,0.246331,-0.181871,-1.19541,-0.117779,-0.126899,-1.17218,0.506811
15.4008,0,0,1,0.860196,0.934087,1.31394,0.363866,0.203564,0.256861,0.634709,0.850163,0.098243,0.0824706,0.0325119,-1.19942,-0.117779,-0.126899,-1.17218,0.530806
15.4508,0,0,1,0.883974,0.966318,1.3185,0.284697,0.0937146,0.249646,0.594443,0.805764,0.113788,0.22631,-0.113879,-1.20393,-0.117779,-0.126899,-1.17218,0.50077
15.5009,0,0,1,0.918334,1.01231,1.32291,0.27969,0.0845879,0.24631,0.571374,0.769769,0.0602171,0.0897062,-0.0175337,-1.20317,0.0138637,-0.0150762,-1.17124,0.527475
15.5508,0,0,1,0.939028,1.04089,1.32503,0.207517,-0.0120877,0.241314,0.517345,0.71453,0.052886,0.196497,-0.0806649,-1.20511,0.0138637,-0.0150762,-1.17124,0.513384
15.6008,0,0,1,0.966959,1.07975,1.32881,0.204295,-0.0203005,0.241255,0.450862,0.631549,0.0544965,0.0158292,0.0649473,-1.20642,0.0761165,0.0240804,-1.15654,0.51207
15.6509,0,0,1,0.98374,1.10358,1.33005,0.148211,-0.0994757,0.235227,0.419512,0.595709,0.030898,0.194092,-0.0840469,-1.20664,0.104663,0.0297304,-1.14566,0.51956
15.7008,0,0,1,1.00505,1.13459,1.33205,0.145416,-0.105742,0.236455,0.331887,0.493076,0.0376854,-0.0245371,0.111972,-1.20769,0.104663,0.0297304,-1.14566,0.512145
15.7508,0,0,1,1.01781,1.15301,1.33234,0.104336,-0.167337,0.23345,0.319062,0.46034,0.00717578,0.160945,-0.0787072,-1.2033,0.104663,0.0297304,-1.14566,0.524738
15.8008,0,0,1,1.03274,1.17592,1.33433,0.102185,-0.170469,0.234991,0.226817,0.353821,0.0461176,-0.048488,0.132725,-1.19994,0.104663,0.0297304,-1.14566,0.501762
15.8508,0,0,1,1.04029,1.18826,1.33658,0.075171,-0.214771,0.23106,0.18857,0.308596,0.0563354,0.0981574,0.00623653,-1.1984,0.104663,0.0297304,-1.14566,0.507429
15.9009,0,0,1,1.05019,1.20385,1.33822,0.0783587,-0.213037,0.228261,0.146848,0.242114,0.0303622,-0.0113341,0.070229,-1.194,0.155984,0.0746788,-1.15098,0.520872
15.9508,0,0,1,1.05472,1.21166,1.34054,0.058378,-0.243968,0.227059,0.113324,0.195085,0.0579595,0.0601761,0.0218089,-1.19307,0.155847,0.0608226,-1.15725,0.50259
16.0008,0,0,1,1.06054,1.22085,1.34384,0.0619114,-0.241153,0.223761,0.0881466,0.14489,0.0534639,-0.00298412,0.052404,-1.19047,0.155847,0.0608226,-1.15725,0.511749
16.0508,0,0,1,1.06309,1.22515,1.3472,0.0501627,-0.258842,0.21897,0.0638858,0.107444,0.0839185,0.0408791,0.0284862,-1.19176,0.155847,0.0608226,-1.15725,0.497502
16.1008,0,0,1,1.06671,1.22999,1.35129,0.0523727,-0.256619,0.215039,0.055159,0.0742551,0.0620813,0.0116164,0.0281469,-1.14034,0.155847,0.0608226,-1.15725,0.515187
16.1508,0,0,1,1.06873,1.23207,1.35429,0.044302,-0.266116,0.209552,0.0504109,0.0520133,0.0751737,0.0417116,0.00417478,-1.19162,0.155847,0.0608226,-1.15725,0.502504
16.2009,0,0,1,1.07134,1.23357,1.35969,0.0439769,-0.264871,0.207177,0.0450394,0.0207434,0.0860637,0.00721351,0.0188593,-1.1932,0.098446,-0.0085035,-1.15975,0.50288
16.2509,0,0,1,1.07324,1.23424,1.36322,0.0383469,-0.267146,0.198452,0.0475137,0.0168181,0.0883954,0.0511858,-0.00426324,-1.1936,0.0655214,-0.038198,-1.15913,0.502513
16.3008,0,0,1,1.07617,1.23402,1.36963,0.0363483,-0.267669,0.196201,0.0469306,-0.00714773,0.111526,0.0155088,0.00635711,-1.1955,0.0655214,-0.038198,-1.15913,0.49582
16.3508,0,0,1,1.07841,1.2335,1.37399,0.0293107,-0.266705,0.185768,0.0559639,-0.0129745,0.108825,0.0381953,-0.0208814,-1.1974,0.0655214,-0.038198,-1.15913,0.500405
16.4008,0,0,1,1.08143,1.23241,1.38132,0.0190853,-0.26651,0.182728,0.0540734,-0.0199191,0.124646,0.0364932,-0.00998218,-1.20447,0.0655214,-0.038198,-1.15913,0.495289
16.4508,0,0,1,1.08435,1.23157,1.38672,0.0190853,-0.264887,0.171063,0.0730653,-0.0208626,0.134847,0.0427543,-0.0312921,-1.20454,0.0655214,-0.038198,-1.15913,0.492324
16.5008,0,0,1,1.08894,1.23016,1.39434,0.0190853,-0.26531,0.166637,0.077045,-0.0258182,0.123395,0.0392583,-0.00767839,-1.20516,0.0655214,-0.038198,-1.15913,0.501667
16.5508,0,0,1,1.0922,1.22936,1.39866,0.00432684,-0.263195,0.15538,0.0813511,-0.0200647,0.107997,0.0519243,-0.0362618,-1.20604,0.0403769,-0.0554747,-1.14915,0.501205
16.6008,0,0,1,1.09767,1.22805,1.40423,0.001416,-0.264358,0.153595,0.0917039,-0.0196692,0.0893026,0.0495224,-0.0295962,-1.2055,0.0282524,-0.0498385,-1.14907,0.506658
16.6508,0,0,1,1.10144,1.22731,1.40714,-0.0119893,-0.262518,0.145742,0.0942957,-0.0185017,0.0727971,0.0464475,-0.0374444,-1.20589,0.0282524,-0.0498385,-1.14907,0.505022
16.7008,0,0,1,1.10714,1.22641,1.41052,-0.0149914,-0.263691,0.145008,0.100393,-0.014006,0.0519211,0.0569107,-0.0281349,-1.20573,0.0282524,-0.0498385,-1.14907,0.5104
16.7508,0,0,1,1.1111,1.22599,1.4123,-0.0282235,-0.263146,0.14058,0.0989821,-0.0105105,0.0446717,0.0538997,-0.03516,-1.20502,0.0282524,-0.0498385,-1.14907,0.505502
16.8008,0,0,1,1.11707,1.22552,1.41442,-0.0314986,-0.264614,0.140116,0.0929424,-0.0063206,0.0321257,0.0591729,-0.0108881,-1.20412,0.0282524,-0.0498385,-1.14907,0.50945
16.8508,0,0,1,1.12117,1.2253,1.41576,-0.045374,-0.264951,0.137323,0.102473,-0.00558267,0.0333679,0.0531182,-0.0585531,-1.20381,0.0244624,-0.0398529,-1.15232,0.504261
16.9009,0,0,1,1.1268,1.2253,1.41798,-0.0486795,-0.266234,0.136592,0.09263,0.00160163,0.0372004,0.0656659,-0.00847194,-1.20329,0.0244624,-0.0398529,-1.15232,0.503696
16.9509,0,0,1,1.13038,1.22536,1.41951,-0.0611472,-0.267808,0.133122,0.0894979,0.00148829,0.0381785,0.0562429,-0.0364371,-1.20288,0.0244624,-0.0398529,-1.15232,0.50333
17.0008,0,0,1,1.13549,1.22552,1.4221,-0.0634039,-0.269146,0.132062,0.0839507,0.00224051,0.044427,0.057847,-0.0152979,-1.20381,0.0244624,-0.0398529,-1.15232,0.501798
17.0508,0,0,1,1.13852,1.22582,1.42358,-0.0751594,-0.27072,0.127971,0.0755597,0.00757903,0.037029,0.0664311,-0.0270069,-1.20301,0.0244624,-0.0398529,-1.15232,0.505321
17.1009,0,0,1,1.1424,1.22616,1.42601,-0.0765486,-0.272591,0.12738,0.0660848,0.00900429,0.0424466,0.0622198,-0.00682016,-1.2036,0.0295115,-0.0263517,-1.15529,0.501978
17.1508,0,0,1,1.14494,1.22631,1.42752,-0.0851767,-0.274295,0.123588,0.0635967,0.00381759,0.0377958,0.0521086,-0.0314437,-1.20393,0.0295115,-0.0263517,-1.15529,0.50414
17.2008,0,0,1,1.14758,1.22654,1.42904,-0.0874014,-0.275291,0.122765,0.0453736,0.00119063,0.0216553,0.0547074,0.00783436,-1.20545,0.0338141,-0.0177801,-1.15658,0.509957
17.2508,0,0,1,1.14913,1.22678,1.43021,-0.0926627,-0.276936,0.120993,0.0387186,0.00602162,0.0292363,0.0679067,-0.0158558,-1.20374,0.0338141,-0.0177801,-1.15658,0.501689
17.3008,0,0,1,1.15068,1.22703,1.43127,-0.0939236,-0.27845,0.120016,0.0228448,0.00646632,0.0154171,0.0621328,0.00856409,-1.20319,0.0338141,-0.0177801,-1.15658,0.509592
17.3509,0,0,1,1.15121,1.22705,1.43157,-0.0973936,-0.279981,0.118915,0.0132555,0.000438501,0.00748655,0.052285,-0.00414844,-1.2038,0.0348781,-0.0147899,-1.15788,0.508468
17.4009,0,0,1,1.1521,1.22701,1.43257,-0.0972865,-0.28068,0.119386,0.0228234,-0.00160771,0.0148716,0.0567915,-0.0316401,-1.20146,0.0348781,-0.0147899,-1.15788,0.503714
17.4509,0,0,1,1.15115,1.22702,1.43309,-0.100491,-0.281658,0.11757,-0.0239709,0.000166367,0.0130334,0.0634961,0.0637947,-1.20481,0.0348781,-0.0147899,-1.15788,0.505824
17.5008,0,0,1,1.15032,1.22667,1.4341,-0.0964898,-0.28289,0.117482,-0.0176361,-0.00995698,0.0178305,0.0453226,-0.0117373,-1.20608,0.0348781,-0.0147899,-1.15788,0.503912
17.5508,0,0,1,1.14955,1.2264,1.43499,-0.0966581,-0.282793,0.115834,-0.0192559,-0.00669401,0.0222068,0.0634795,-0.00533954,-1.20639,0.0378162,-0.0248702,-1.15818,0.503022
17.6008,0,0,1,1.14778,1.2262,1.43603,-0.0967356,-0.283688,0.11496,-0.0316459,-0.00443584,0.0172647,0.0643892,0.0148391,-1.2059,0.0378162,-0.0248702,-1.15818,0.506461
17.6508,0,0,1,1.1468,1.22579,1.43701,-0.093201,-0.284637,0.113619,-0.0246974,-0.0101004,0.0243868,0.0524656,-0.0116047,-1.20631,0.0378162,-0.0248702,-1.15818,0.501919
17.7008,0,0,1,1.14445,1.22532,1.43735,-0.0943863,-0.284766,0.112579,-0.0397633,-0.00697354,0.00238803,0.0648013,0.019403,-1.20674,0.0378162,-0.0248702,-1.15818,0.512763
17.7508,0,0,1,1.14297,1.22491,1.43771,-0.0892426,-0.285059,0.112869,-0.0369832,-0.0102595,0.00911155,0.0555436,0.00103606,-1.20605,0.0378162,-0.0248702,-1.15818,0.503962
17.8008,0,0,1,1.14058,1.22423,1.43835,-0.0898326,-0.28569,0.112469,-0.0407437,-0.00987173,0.00667367,0.061765,0.00294854,-1.20683,0.035358,-0.0282158,-1.15889,0.506723
17.8508,0,0,1,1.13869,1.22379,1.43842,-0.0854873,-0.285253,0.111486,-0.0472839,-0.0110272,0.0016433,0.0579884,0.0177393,-1.2078,0.035358,-0.0282158,-1.15889,0.507739
17.9008,0,0,1,1.13614,1.22288,1.43935,-0.0846907,-0.286191,0.112043,-0.0476532,-0.0140072,0.0139871,0.0572074,0.00206016,-1.20807,0.035358,-0.0282158,-1.15889,0.501892
17.9509,0,0,1,1.13452,1.2222,1.43993,-0.0805678,-0.285009,0.110126,-0.0404126,-0.0170824,0.014671,0.0534568,-0.00560523,-1.20862,0.035358,-0.0282158,-1.15889,0.504426
18.0009,0,0,1,1.13199,1.22118,1.44066,-0.08103,-0.285551,0.109823,-0.0398315,-0.0187017,0.0138892,0.0580456,-0.002478,-1.20875,0.0413375,-0.0400325,-1.15912,0.505419
18.0508,0,0,1,1.13036,1.22035,1.44137,-0.0763704,-0.284445,0.108878,-0.0406355,-0.0208048,0.0177372,0.0546062,0.00923244,-1.20855,0.0413375,-0.0400325,-1.15912,0.503403
18.1009,0,0,1,1.12806,1.21894,1.44198,-0.076744,-0.284684,0.108099,-0.0397057,-0.0208845,0.00633219,0.0597265,-0.00212874,-1.20978,0.0413375,-0.0400325,-1.15912,0.509064
18.1508,0,0,1,1.12672,1.21786,1.44224,-0.0728888,-0.282521,0.10752,-0.0334293,-0.0270591,0.00657704,0.0461351,-0.00449274,-1.20999,0.0404381,-0.0381053,-1.15925,0.505577
18.2008,0,0,1,1.12438,1.21625,1.4426,-0.0737782,-0.28264,0.107611,-0.0349187,-0.0256034,0.00188495,0.0608901,0.000526213,-1.21006,0.0404381,-0.0381053,-1.15925,0.507739
18.2508,0,0,1,1.12307,1.215,1.4428,-0.0692009,-0.280264,0.107137,-0.0326718,-0.0313252,0.00489483,0.0456664,0.00379227,-1.21004,0.0404381,-0.0381053,-1.15925,0.504954
18.3008,0,0,1,1.12104,1.213,1.44303,-0.070237,-0.280173,0.107124,-0.0376151,-0.0320769,0.00563631,0.0561212,0.00712398,-1.20962,0.0404381,-0.0381053,-1.15925,0.505727
18.3509,0,0,1,1.11971,1.21156,1.44294,-0.0666472,-0.276757,0.106865,-0.0333144,-0.0360286,-0.00236956,0.0455443,-0.000590083,-1.21064,0.0417658,-0.0379921,-1.1593,0.50904
18.4009,0,0,1,1.11782,1.20917,1.44315,-0.0669506,-0.276766,0.107363,-0.0317875,-0.0423397,0.00241514,0.0460159,-0.00282739,-1.21083,0.0417658,-0.0379921,-1.1593,0.50505
18.4508,0,0,1,1.11643,1.20768,1.44297,-0.0638846,-0.272343,0.106844,-0.0346475,-0.0374093,-0.00466805,0.0560881,0.0110197,-1.21055,0.0417658,-0.0379921,-1.1593,0.508957
18.5009,0,0,1,1.11471,1.20511,1.44297,-0.0636981,-0.272925,0.10753,-0.0272316,-0.0455743,0.00676602,0.0432217,-0.0119655,-1.21004,0.0395579,-0.0369141,-1.15999,0.50277
18.5508,0,0,1,1.11353,1.20337,1.44277,-0.0613036,-0.267935,0.107395,-0.0295532,-0.0433785,-0.0050732,0.0497113,0.00846494,-1.20959,0.0395579,-0.0369141,-1.15999,0.510646
18.6008,0,0,1,1.11157,1.20054,1.44253,-0.0614697,-0.268032,0.1079,-0.0298156,-0.0500374,-0.00156751,0.0432182,0.000902529,-1.21036,0.0395579,-0.0369141,-1.15999,0.505974
18.6508,0,0,1,1.11046,1.19863,1.44269,-0.0578195,-0.262595,0.10827,-0.027646,-0.0476644,0.00384331,0.0478051,0.00343419,-1.20966,0.0395579,-0.0369141,-1.15999,0.504908
18.7008,0,0,1,1.10845,1.19562,1.4422,-0.0587001,-0.262583,0.107755,-0.0343898,-0.0514812,-0.0109418,0.0461471,0.0117597,-1.21008,0.0385675,-0.0333213,-1.16146,0.512086
18.7508,0,0,1,1.10707,1.19355,1.44215,-0.0546647,-0.256817,0.109044,-0.0344272,-0.0517167,-0.00110019,0.0420196,0.00965548,-1.20985,0.0385675,-0.0333213,-1.16146,0.504453
18.8008,0,0,1,1.10518,1.19027,1.44208,-0.0546921,-0.256584,0.108708,-0.0226077,-0.0585666,-0.0083932,0.039243,-0.0187878,-1.21062,0.0385675,-0.0333213,-1.16146,0.509798
18.8508,0,0,1,1.10362,1.18818,1.44206,-0.0516322,-0.250216,0.108873,-0.0389962,-0.0523057,-0.000692648,0.0493846,0.0362397,-1.21054,0.0385675,-0.0333213,-1.16146,0.504763
18.9008,0,0,1,1.1015,1.1849,1.4423,-0.0507275,-0.250381,0.108923,-0.038026,-0.0524967,0.00704018,0.0496973,0.00437121,-1.21067,0.0385675,-0.0333213,-1.16146,0.504012
18.9508,0,0,1,1.09996,1.18283,1.44238,-0.0471886,-0.243998,0.108412,-0.0385628,-0.0516652,0.00194633,0.0408748,0.0119501,-1.2111,0.0362583,-0.0333706,-1.16322,0.508154
19.0008,0,0,1,1.09758,1.17948,1.44263,-0.0467855,-0.244248,0.108544,-0.038631,-0.0537444,0.00423675,0.0460047,0.0061589,-1.21144,0.0362583,-0.0333706,-1.16322,0.505954
19.0508,0,0,1,1.09619,1.17735,1.4427,-0.0422996,-0.237565,0.108121,-0.0346855,-0.0534235,0.00167665,0.0384177,0.00637424,-1.20964,0.0362583,-0.0333706,-1.16322,0.507473
19.1009,0,0,1,1.09335,1.17412,1.44329,-0.0429207,-0.237676,0.108284,-0.0375638,-0.0581801,0.0152059,0.0401115,0.00962913,-1.21137,0.0346661,-0.0288993,-1.16519,0.501578
19.1508,0,0,1,1.09167,1.17196,1.44362,-0.0364224,-0.231514,0.107114,-0.0419256,-0.0538361,0.00827969,0.043955,0.0259154,-1.21077,0.0346661,-0.0288993,-1.16519,0.507885
19.2008,0,0,1,1.08858,1.16871,1.44409,-0.0369477,-0.231302,0.10703,-0.0554739,-0.0565258,0.00874332,0.0419951,0.0321064,-1.21183,0.0346661,-0.0288993,-1.16519,0.505964
19.2508,0,0,1,1.08677,1.16655,1.4444,-0.0301569,-0.225058,0.106369,-0.0452718,-0.0540454,0.00761083,0.0401643,0.00459023,-1.21068,0.0346661,-0.0288993,-1.16519,0.50634
19.3008,0,0,1,1.0834,1.16329,1.44483,-0.0306577,-0.224844,0.106231,-0.054791,-0.0527521,0.00778453,0.0474838,0.0267469,-1.2127,0.0340084,-0.0304662,-1.16675,0.5061
19.3508,0,0,1,1.08127,1.16111,1.4448,-0.023099,-0.218579,0.105648,-0.0531859,-0.0544802,-0.000653553,0.0330598,0.0229961,-1.21266,0.0340084,-0.0304662,-1.16675,0.509323
19.4008,0,0,1,1.07823,1.15782,1.44489,-0.0230154,-0.218278,0.106189,-0.0536737,-0.0556126,-0.0033518,0.0423034,0.0143564,-1.21323,0.0340084,-0.0304662,-1.16675,0.508273
19.4508,0,0,1,1.07601,1.15578,1.44493,-0.0172381,-0.211916,0.10601,-0.0555491,-0.0509564,0.000933059,0.0417309,0.0275198,-1.21276,0.0340084,-0.0304662,-1.16675,0.505564
19.5008,0,0,1,1.07272,1.15267,1.44499,-0.0161072,-0.212142,0.106077,-0.0552838,-0.0485262,-0.00339042,0.0486724,0.016654,-1.21228,0.03479,-0.0348623,-1.16776,0.508665
19.5508,0,0,1,1.07082,1.15047,1.44502,-0.00958035,-0.206079,0.106051,-0.0474701,-0.0548595,0.000964038,0.0247873,0.0129155,-1.21273,0.03479,-0.0348623,-1.16776,0.505643
19.6008,0,0,1,1.06753,1.14743,1.44532,-0.0100541,-0.205386,0.106075,-0.0537467,-0.0477299,0.0072103,0.0531714,0.0257204,-1.21387,0.03479,-0.0348623,-1.16776,0.504525
19.6508,0,0,1,1.06581,1.14528,1.44552,-0.00284593,-0.199869,0.105512,-0.0429583,-0.0538569,0.00488,0.0251188,0.00971227,-1.21339,0.0341504,-0.0392423,-1.1689,0.507115
19.7009,0,0,1,1.06293,1.14233,1.44595,-0.00391579,-0.199147,0.105435,-0.0471561,-0.0499287,0.00577776,0.0471301,0.0213389,-1.21229,0.0341504,-0.0392423,-1.1689,0.506225
19.7508,0,0,1,1.06112,1.14032,1.44613,0.00225294,-0.193857,0.104723,-0.0453514,-0.050364,0.00436996,0.0333515,0.024306,-1.21302,0.0341504,-0.0392423,-1.1689,0.506817
19.8009,0,0,1,1.05866,1.13745,1.44662,0.00237718,-0.193404,0.104829,-0.0461253,-0.0498367,0.0113368,0.0418001,0.0188761,-1.21168,0.0341504,-0.0392423,-1.1689,0.503922
19.8508,0,0,1,1.05699,1.13551,1.4463,0.00692732,-0.188066,0.103982,-0.0416364,-0.0484065,-0.00780745,0.0354512,0.0175728,-1.21299,0.0341504,-0.0392423,-1.1689,0.513242
19.9008,0,0,1,1.05479,1.13266,1.44665,0.00739319,-0.18772,0.105211,-0.0367447,-0.0503045,0.0048828,0.0375187,0.00939294,-1.21329,0.0341504,-0.0392423,-1.1689,0.503246
19.9508,0,0,1,1.05342,1.1309,1.44678,0.0190853,-0.182262,0.104188,-0.0343925,-0.0439148,0.00308841,0.0423845,0.033823,-1.21255,0.0341504,-0.0392423,-1.1689,0.507012
20.0009,0,0,1,1.05086,1.12771,1.44648,0.0190853,-0.182484,0.104316,-0.050587,-0.0630862,-0.00578752,0.010252,0.0483775,-1.22117,0.0346717,-0.0403629,-1.16993,0.510364
20.0508,0,0,1,1.05023,1.12633,1.44663,0.0190853,-0.175484,0.105153,-0.0158824,-0.0345585,0.00373956,0.072615,-0.0417874,-1.21234,0.0346717,-0.0403629,-1.16993,0.504255
20.1009,0,0,1,1.04865,1.12371,1.44696,0.0190853,-0.177657,0.104577,-0.0273865,-0.0397755,0.0066456,0.0370212,0.0360657,-1.21288,0.0346478,-0.0416614,-1.17227,0.505513
20.1508,0,0,1,1.04787,1.12179,1.44776,0.0190853,-0.171865,0.104044,-0.0195382,-0.0479683,0.0200406,0.0186276,0.00290384,-1.21435,0.0346478,-0.0416614,-1.17227,0.50107
20.2008,0,0,1,1.04687,1.11936,1.4493,0.0190853,-0.171009,0.102667,-0.0177751,-0.0415224,0.0241829,0.0478927,0.0125375,-1.21274,0.0346478,-0.0416614,-1.17227,0.503095
20.2508,0,0,1,1.04641,1.11788,1.45025,0.0190853,-0.166945,0.10013,-0.01133,-0.0370475,0.0237673,0.0407129,0.00361524,-1.21158,0.0329982,-0.0424999,-1.1744,0.503932
20.3008,0,0,1,1.04594,1.11569,1.45216,0.0190853,-0.167205,0.0996274,-0.00374161,-0.0374835,0.0331404,0.0399722,0.000213144,-1.21126,0.0329982,-0.0424999,-1.1744,0.500683
20.3508,0,0,1,1.04575,1.11429,1.45362,0.0190853,-0.163073,0.0964406,-0.00467969,-0.0348917,0.0366909,0.0378394,0.0143525,-1.21072,0.0329982,-0.0424999,-1.1744,0.501
20.4009,0,0,1,1.04582,1.11247,1.45559,0.0190853,-0.16315,0.0951604,0.00431642,-0.0294279,0.0287331,0.0492207,-0.00368358,-1.21148,0.0329982,-0.0424999,-1.1744,0.505675
20.4508,0,0,1,1.04578,1.11128,1.45679,0.0190853,-0.160113,0.0923349,-0.000934635,-0.0296363,0.0299124,0.0361388,0.0206685,-1.21224,0.0329982,-0.0424999,-1.1744,0.502105
20.5009,0,0,1,1.04628,1.10964,1.45818,0.0190853,-0.160178,0.091718,0.00480017,-0.0259577,0.0223335,0.047024,0.00157987,-1.21359,0.0283816,-0.0487237,-1.1774,0.506073
20.5508,0,0,1,1.04689,1.10881,1.45871,0.0190853,-0.157339,0.0899036,0.0151961,-0.0205392,0.0134592,0.0460347,-0.00817904,-1.21293,0.0283816,-0.0487237,-1.1774,0.506797
20.6008,0,0,1,1.04759,1.10749,1.45935,0.0190853,-0.158303,0.0901483,0.00851914,-0.019198,0.00934248,0.0462498,0.0210945,-1.21361,0.0283816,-0.0487237,-1.1774,0.506419
20.6508,0,0,1,1.04838,1.10673,1.45953,0.0190853,-0.155852,0.0893218,0.0198299,-0.0190391,0.00438503,0.0393561,-0.0105794,-1.2134,0.0283816,-0.0487237,-1.1774,0.506763
20.7008,0,0,1,1.04918,1.1054,1.46012,0.0190853,-0.156372,0.0896148,0.0224056,-0.00943973,0.0130064,0.059294,0.00315041,-1.21615,0.0321898,-0.0378896,-1.17742,0.502254
20.7508,0,0,1,1.04982,1.10469,1.46018,0.00796041,-0.153789,0.0885304,0.0159757,-0.0178735,0.00140242,0.0269957,-0.00127808,-1.21509,0.0321898,-0.0378896,-1.17742,0.508929
20.8009,0,0,1,1.05053,1.10342,1.46034,0.00693833,-0.154463,0.0890372,0.0161146,-0.0201115,0.00312606,0.0403194,0.00424758,-1.21626,0.0321898,-0.0378896,-1.17742,0.505314
20.8508,0,0,1,1.05111,1.10251,1.46056,0.00532929,-0.151966,0.0887656,0.0144687,-0.0227651,0.00551781,0.0342736,0.00619985,-1.21688,0.0321898,-0.0378896,-1.17742,0.504648
20.9009,0,0,1,1.05168,1.10112,1.46068,0.00434571,-0.151835,0.088486,0.0110699,-0.0266311,-0.00395039,0.0352357,0.0105684,-1.21837,0.0321898,-0.0378896,-1.17742,0.509099
20.9508,0,0,1,1.05189,1.10026,1.46078,0.00310421,-0.149289,0.0884808,0.00517768,-0.0214865,0.00249017,0.0453206,0.0151691,-1.21707,0.0321898,-0.0378896,-1.17742,0.503817
21.0008,0,0,1,1.05238,1.09861,1.46076,0.00313227,-0.149572,0.088421,0.00764218,-0.0259132,-0.00432336,0.0349665,0.00309394,-1.21829,0.0321898,-0.0378896,-1.17742,0.508442
21.0509,0,0,1,1.05241,1.09756,1.46051,0.00143479,-0.146021,0.0886146,0.000659335,-0.0261739,-0.00613733,0.0347881,0.0167764,-1.21907,0.0357567,-0.0316421,-1.17794,0.507233
21.1009,0,0,1,1.05243,1.09577,1.46018,0.00192385,-0.146141,0.0891688,-0.00151068,-0.0290414,-0.00757586,0.0358644,0.0130378,-1.21998,0.0387237,-0.0308797,-1.17721,0.507442
21.1508,0,0,1,1.05239,1.0945,1.45975,0.00149467,-0.142437,0.0896892,-0.000924474,-0.0318418,-0.0107985,0.0292709,0.00683197,-1.22054,0.0387237,-0.0308797,-1.17721,0.50835
21.2009,0,0,1,1.05212,1.09258,1.45914,0.0012739,-0.142049,0.0903483,-0.0057282,-0.0345211,-0.0115946,0.033684,0.0169045,-1.22097,0.0374378,-0.0297897,-1.17652,0.507825
21.2509,0,0,1,1.05184,1.09119,1.45859,0.00175616,-0.138353,0.0913064,-0.00702119,-0.0348273,-0.0135943,0.0316269,0.0127054,-1.22053,0.0374378,-0.0297897,-1.17652,0.508584
21.3008,0,0,1,1.0513,1.08905,1.45797,0.00180273,-0.137764,0.0919311,-0.00918852,-0.0363234,-0.00935381,0.0340439,0.013887,-1.22082,0.0374378,-0.0297897,-1.17652,0.506292
21.3508,0,0,1,1.0508,1.08753,1.45771,0.00274587,-0.133501,0.0927948,-0.0125872,-0.0379078,-0.00653008,0.0275772,0.0182575,-1.22219,0.0374378,-0.0297897,-1.17652,0.506629
21.4009,0,0,1,1.05,1.08529,1.45729,0.00303833,-0.132923,0.0927902,-0.0191156,-0.038936,-0.00689328,0.0334051,0.0237109,-1.221,0.0374378,-0.0297897,-1.17652,0.507383
21.4508,0,0,1,1.04928,1.08369,1.45708,0.00444214,-0.128544,0.0934947,-0.0179903,-0.0400789,-0.00518783,0.0267637,0.0131199,-1.22189,0.0366714,-0.0312278,-1.17829,0.506905
21.5008,0,0,1,1.04835,1.08126,1.45681,0.00499101,-0.127837,0.0935739,-0.0162341,-0.0411911,-0.00695599,0.0317791,0.0104696,-1.22211,0.0366714,-0.0312278,-1.17829,0.50796
21.5508,0,0,1,1.04754,1.07962,1.45686,0.00642356,-0.122953,0.0940234,-0.0203609,-0.0409796,0.00125154,0.0268364,0.0226738,-1.22211,0.0366714,-0.0312278,-1.17829,0.504366
21.6008,0,0,1,1.04602,1.07708,1.45685,0.00706397,-0.122468,0.093677,-0.0231168,-0.041878,-0.000607124,0.0313316,0.019875,-1.22297,0.0369796,-0.0319657,-1.17861,0.507313
21.6508,0,0,1,1.04511,1.07534,1.45677,0.0190853,-0.117248,0.0937771,-0.0226882,-0.0433897,-0.0020454,0.0224008,0.0356441,-1.22276,0.0369796,-0.0319657,-1.17861,0.507491
21.7009,0,0,1,1.04379,1.07264,1.45691,0.0190853,-0.116632,0.0939967,-0.021547,-0.0456327,0.00378977,0.027417,0.0146803,-1.22216,0.0369796,-0.0319657,-1.17861,0.504835
21.7508,0,0,1,1.04298,1.07086,1.45702,0.0190853,-0.111006,0.0936482,-0.0204148,-0.0444701,0.00279442,0.0242724,0.0145017,-1.2209,0.0369796,-0.0319657,-1.17861,0.506797
21.8008,0,0,1,1.04138,1.06809,1.45713,0.0190853,-0.110547,0.0935857,-0.0243234,-0.0467588,-0.00082342,0.0262367,0.0235732,-1.22152,0.0369796,-0.0319657,-1.17861,0.50803
21.8508,0,0,1,1.04027,1.06627,1.45742,0.0190853,-0.104729,0.0935051,-0.0276437,-0.045395,0.00718769,0.0229464,0.0233413,-1.22179,0.0369796,-0.0319657,-1.17861,0.503789
21.9008,0,0,1,1.03882,1.06351,1.45763,0.0190853,-0.104261,0.0930216,-0.025448,-0.0472349,0.00217745,0.025601,0.0139313,-1.22169,0.0369796,-0.0319657,-1.17861,0.508028
21.9508,0,0,1,1.0378,1.06169,1.4579,0.0190853,-0.0985527,0.0928758,-0.0254343,-0.0454117,0.00662055,0.0226107,0.0175368,-1.22089,0.0351192,-0.0344423,-1.18031,0.504879
22.0008,0,0,1,1.0359,1.05856,1.45802,0.0190853,-0.0980286,0.0925512,-0.0375481,-0.0591833,0.00443459,0.00487196,0.0398552,-1.22932,0.0351192,-0.0344423,-1.18031,0.507012
22.0508,0,0,1,1.03546,1.05724,1.45819,0.0190853,-0.090997,0.0925818,-0.0110258,-0.0330838,0.0040551,0.0564917,-0.028625,-1.22005,0.0334194,-0.0365671,-1.18191,0.506638
22.1008,0,0,1,1.03396,1.05466,1.45821,0.0190853,-0.0929189,0.0923919,-0.0113573,-0.0275149,0.0006726,0.0415246,0.0153469,-1.22117,0.0334194,-0.0365671,-1.18191,0.507799
22.1508,0,0,1,1.03287,1.05263,1.45803,0.0190853,-0.0868146,0.0925375,-0.027204,-0.0507744,-0.00442791,-0.0171037,0.0439766,-1.22765,0.0334194,-0.0365671,-1.18191,0.508939
22.2008,0,0,1,1.03147,1.05038,1.45789,0.0190853,-0.085133,0.0929951,-0.020426,-0.0363907,-0.000894392,0.0456514,0.00568345,-1.22895,0.0296578,-0.0377353,-1.18466,0.506173
22.2508,0,0,1,1.03075,1.04897,1.45758,0.0190853,-0.0815596,0.0931882,-0.0178124,-0.0353332,-0.00756973,0.0234534,0.0119806,-1.22828,0.0296578,-0.0377353,-1.18466,0.509834
22.3008,0,0,1,1.02976,1.04739,1.45706,0.0190853,-0.081367,0.0937473,-0.0193852,-0.0310556,-0.0126302,0.0337711,0.0191777,-1.2205,0.0296578,-0.0377353,-1.18466,0.51002
22.3508,0,0,1,1.02881,1.04572,1.45631,0.0297668,-0.0789057,0.0946473,-0.0236953,-0.0416927,-0.0187375,0.00657976,0.0442068,-1.2282,0.0296578,-0.0377353,-1.18466,0.51113
22.4008,0,0,1,1.02818,1.04479,1.45525,0.0308779,-0.0764606,0.0958118,-0.014305,-0.0226456,-0.0203745,0.0524513,0.00456601,-1.21847,0.0279941,-0.0369126,-1.18599,0.510163
22.4508,0,0,1,1.02749,1.04388,1.45468,0.0309827,-0.076763,0.0974217,-0.0173349,-0.0227177,-0.0142313,0.0291723,0.0238879,-1.21845,0.0279941,-0.0369126,-1.18599,0.507559
22.5008,0,0,1,1.0263,1.04263,1.45419,0.0319321,-0.0756671,0.0976667,-0.0233126,-0.0217494,-0.00516991,0.0286897,0.0315467,-1.22,0.0279941,-0.0369126,-1.18599,0.505463
22.5508,0,0,1,1.02595,1.04217,1.45367,0.0344917,-0.0733389,0.0982256,-0.00869119,-0.0115193,-0.013126,0.0418306,-0.00186157,-1.21811,0.0279142,-0.0358888,-1.18858,0.511498
22.6008,0,0,1,1.02495,1.04156,1.45286,0.0331393,-0.0744312,0.0989348,-0.00843597,0.00473495,-0.00891095,0.0589545,0.0149099,-1.21765,0.0279142,-0.0358888,-1.18858,0.507587
22.6508,0,0,1,1.02438,1.04127,1.45244,0.0357477,-0.0734247,0.100229,-0.0143266,-0.00729562,-0.0104317,0.0129616,0.0331891,-1.21751,0.0279142,-0.0358888,-1.18858,0.509778
22.7008,0,0,1,1.02365,1.04103,1.45216,0.0355682,-0.0738344,0.100389,-0.0144476,-0.00224976,-0.00106105,0.0405535,0.0192646,-1.21687,0.0279142,-0.0358888,-1.18858,0.505322
22.7509,0,0,1,1.02286,1.041,1.45243,0.0368149,-0.0737762,0.100635,-0.0196982,-0.000641684,0.00665233,0.0353665,0.0313488,-1.21685,0.0279142,-0.0358888,-1.18858,0.505159
22.8008,0,0,1,1.02197,1.04065,1.45247,0.037926,-0.0743793,0.0998166,-0.0178047,-0.00835619,-0.00191151,0.0216063,0.0193629,-1.22545,0.0279142,-0.0358888,-1.18858,0.510484
22.8508,0,0,1,1.02176,1.04121,1.4527,0.0392845,-0.0733936,0.100039,-0.00525877,0.0139996,0.00562797,0.0667416,0.000141769,-1.21857,0.0279142,-0.0358888,-1.18858,0.505293
22.9008,0,0,1,1.02116,1.04161,1.4533,0.0380793,-0.076273,0.099632,-0.00444006,0.0207984,0.0140164,0.0521284,0.014727,-1.2179,0.0244655,-0.039552,-1.19135,0.504034
22.9508,0,0,1,1.02076,1.04188,1.45387,0.0395883,-0.0767647,0.0985706,-0.0100494,0.00691266,0.0141076,0.016499,0.0311659,-1.21863,0.0244655,-0.039552,-1.19135,0.506239
23.0008,0,0,1,1.0201,1.04238,1.45504,0.0396379,-0.0771432,0.0979813,-0.0107322,0.00845406,0.0146299,0.0388664,0.0209328,-1.219,0.0244655,-0.039552,-1.19135,0.506167
23.0508,0,0,1,1.01969,1.04282,1.45548,0.0409813,-0.078529,0.0960139,-0.0104347,0.0111877,0.0110795,0.0429411,0.021711,-1.21938,0.0244655,-0.039552,-1.19135,0.507147
23.1009,0,0,1,1.01889,1.0428,1.45659,0.0409731,-0.0793263,0.0962544,-0.0179279,-0.00813221,0.0169109,0.00691345,0.0338003,-1.22667,0.0244655,-0.039552,-1.19135,0.504485
23.1508,0,0,1,1.01829,1.04347,1.45762,0.042765,-0.078564,0.0942939,-0.0150151,0.0168062,0.0256257,0.072958,0.0195891,-1.22018,0.0304958,-0.0364735,-1.19135,0.501958
23.2008,0,0,1,1.01806,1.04387,1.45829,0.0431393,-0.0811844,0.0931943,-0.00905372,0.00484483,0.0103443,0.0232274,0.0112193,-1.22026,0.0304958,-0.0364735,-1.19135,0.510784
23.2509,0,0,1,1.01752,1.04402,1.45905,0.0426068,-0.0814709,0.092774,-0.0136263,0.00379217,0.0189584,0.035399,0.0278082,-1.22098,0.0329049,-0.0369451,-1.19111,0.502984
23.3009,0,0,1,1.01674,1.0442,1.45983,0.043917,-0.0814203,0.0918213,-0.011575,0.00149649,0.014616,0.0327459,0.0199115,-1.2207,0.0329049,-0.0369451,-1.19111,0.507051
23.3508,0,0,1,1.01622,1.04425,1.46025,0.0454111,-0.0819483,0.0909097,-0.0130434,0.00133247,0.0105455,0.0367778,0.0266235,-1.22087,0.0373454,-0.0342359,-1.19159,0.507302
23.4008,0,0,1,1.01522,1.04372,1.46094,0.0455593,-0.0820114,0.0907985,-0.0124238,-0.00185389,0.0110074,0.0312407,0.0209793,-1.22909,0.0373454,-0.0342359,-1.19159,0.506147
23.4509,0,0,1,1.01491,1.04411,1.46111,0.0478862,-0.0802607,0.0897442,-0.00778709,0.00970101,0.00432497,0.0517984,0.0175639,-1.22154,0.0373454,-0.0342359,-1.19159,0.508563
23.5008,0,0,1,1.01399,1.04375,1.46181,0.0468663,-0.0829081,0.0900906,-0.0146626,-0.00758719,0.0147103,0.0139617,0.0321554,-1.22247,0.0373454,-0.0342359,-1.19159,0.502928
23.5508,0,0,1,1.01321,1.04306,1.46236,0.0493569,-0.0811196,0.0887621,-0.0194159,-0.0172786,0.0137749,0.0161928,0.0359773,-1.23044,0.0373454,-0.0342359,-1.19159,0.505804
23.6009,0,0,1,1.01247,1.04261,1.46334,0.0501268,-0.0796254,0.0882879,-0.0156135,-0.00716007,0.0188438,0.0467468,0.0186435,-1.22973,0.0373454,-0.0342359,-1.19159,0.503752
23.6509,0,0,1,1.01196,1.04227,1.46407,0.0510647,-0.0796516,0.0867294,-0.0127413,-0.00867817,0.0182003,0.0320772,0.0201017,-1.22968,0.0344746,-0.0372016,-1.19279,0.505068
23.7008,0,0,1,1.01129,1.04226,1.46455,0.0512758,-0.0795476,0.0861381,-0.0160423,-0.00836936,0.00929692,0.0346152,0.0297807,-1.22226,0.0344746,-0.0372016,-1.19279,0.508646
23.7508,0,0,1,1.01078,1.04183,1.46492,0.0525216,-0.0804447,0.0858309,-0.012725,-0.0108078,0.00917847,0.0318767,0.0203057,-1.22311,0.0356017,-0.0356911,-1.19408,0.506096
23.8009,0,0,1,1.00998,1.04147,1.46523,0.052871,-0.0791506,0.0855449,-0.0164169,-0.00461306,0.00298933,0.0421516,0.0311778,-1.22349,0.0356017,-0.0356911,-1.19408,0.508504
23.8509,0,0,1,1.00922,1.04117,1.46542,0.0545848,-0.0789638,0.0852621,-0.0189458,-0.00758712,0.00483138,0.0300678,0.0324513,-1.2238,0.0311924,-0.0372861,-1.19554,0.505915
23.9008,0,0,1,1.00804,1.04085,1.46311,0.0555581,-0.0788301,0.085182,-0.0115597,0.00986894,-0.049762,0.0629704,0.0138082,-1.22636,0.0311924,-0.0372861,-1.19554,0.528129
23.9508,0,0,1,1.00705,1.04074,1.45984,0.0581036,-0.0785353,0.0905147,-0.0249467,-0.00290012,-0.0816022,0.0169446,0.0536504,-1.22942,0.0311924,-0.0372861,-1.19554,0.526499
24.0009,0,0,1,1.00543,1.04067,1.45185,0.0591773,-0.0789699,0.0954117,-0.0218204,-0.000189124,-0.155319,0.040831,0.0239371,-1.23153,0.0311924,-0.0372861,-1.19554,0.546429
24.0508,0,0,1,1.00402,1.04085,1.44441,0.0628088,-0.0791702,0.109784,-0.0350674,0.00443788,-0.18608,0.0443115,0.0583967,-1.23282,0.0311924,-0.0372861,-1.19554,0.540777
24.1009,0,0,1,1.00196,1.04119,1.43031,0.0644406,-0.080134,0.118215,-0.0345143,0.0239524,-0.248078,0.0709343,0.0329104,-1.23683,0.0193568,-0.0250009,-1.1873,0.55513
